STREAM,ADM,NAME,KCPE,ENG,KIS,MAT,BIO,PHY,CHE,HIS,GEO,CRE,AGR,HSC,BST,ENGp,KISp,HISp,H/SCp,GEOp,CREp,AGRp,BSTp,MATp,CHEp,PHYp,BIOp,PTS,GRADE,ENTRY,TOTAL,POS,VAP,ENGg,KISg,MATg,BIOg,PHYg,CHEg,HISg,GEOg,CREg,AGRg,H/SCg,BSTg,TOT,ENGr,KISr,MATr,BIOr,PHYr,CHEr,HISr,GEOr,CREr,AGRr,H/SCr,BSTr,ENGre,KISre,MATre,BIOre,PHYre,CHEre,HISre,GEOre,CREre,AGRre,H/SCre,BSTre,CLASS,TERM,YEAR
__,__,__,__,__,__,__,__,__,__,__,__,__,__,__,__,__,__,__,__,__,__,__,__,__,__,__,__,__,__,__,__,__,__,__,__,__,__,__,__,__,__,__,__,__,__,__,__,__,__,__,__,__,__,__,__,__,__,__,__,__,__,__,__,__,__,__,__,__,__,__,__,__,__
__,__,__,__,__,__,__,__,__,__,__,__,__,__,__,__,__,__,__,__,__,__,__,__,__,__,__,__,__,__,__,__,__,__,__,__,__,__,__,__,__,__,__,__,__,__,__,__,__,__,__,__,__,__,__,__,__,__,__,__,__,__,__,__,__,__,__,__,__,__,__,__,__,__
__,__,__,__,__,__,__,__,__,__,__,__,__,__,__,__,__,__,__,__,__,__,__,__,__,__,__,__,__,__,__,__,__,__,__,__,__,__,__,__,__,__,__,__,__,__,__,__,__,__,__,__,__,__,__,__,__,__,__,__,__,__,__,__,__,__,__,__,__,__,__,__,__,__
__,__,__,__,__,__,__,__,__,__,__,__,__,__,__,__,__,__,__,__,__,__,__,__,__,__,__,__,__,__,__,__,__,__,__,__,__,__,__,__,__,__,__,__,__,__,__,__,__,__,__,__,__,__,__,__,__,__,__,__,__,__,__,__,__,__,__,__,__,__,__,__,__,__
__,__,__,__,__,__,__,__,__,__,__,__,__,__,__,__,__,__,__,__,__,__,__,__,__,__,__,__,__,__,__,__,__,__,__,__,__,__,__,__,__,__,__,__,__,__,__,__,__,__,__,__,__,__,__,__,__,__,__,__,__,__,__,__,__,__,__,__,__,__,__,__,__,__
__,__,__,__,__,__,__,__,__,__,__,__,__,__,__,__,__,__,__,__,__,__,__,__,__,__,__,__,__,__,__,__,__,__,__,__,__,__,__,__,__,__,__,__,__,__,__,__,__,__,__,__,__,__,__,__,__,__,__,__,__,__,__,__,__,__,__,__,__,__,__,__,__,__
__,__,__,__,__,__,__,__,__,__,__,__,__,__,__,__,__,__,__,__,__,__,__,__,__,__,__,__,__,__,__,__,__,__,__,__,__,__,__,__,__,__,__,__,__,__,__,__,__,__,__,__,__,__,__,__,__,__,__,__,__,__,__,__,__,__,__,__,__,__,__,__,__,__
__,__,__,__,__,__,__,__,__,__,__,__,__,__,__,__,__,__,__,__,__,__,__,__,__,__,__,__,__,__,__,__,__,__,__,__,__,__,__,__,__,__,__,__,__,__,__,__,__,__,__,__,__,__,__,__,__,__,__,__,__,__,__,__,__,__,__,__,__,__,__,__,__,__
__,__,__,__,__,__,__,__,__,__,__,__,__,__,__,__,__,__,__,__,__,__,__,__,__,__,__,__,__,__,__,__,__,__,__,__,__,__,__,__,__,__,__,__,__,__,__,__,__,__,__,__,__,__,__,__,__,__,__,__,__,__,__,__,__,__,__,__,__,__,__,__,__,__
__,__,__,__,__,__,__,__,__,__,__,__,__,__,__,__,__,__,__,__,__,__,__,__,__,__,__,__,__,__,__,__,__,__,__,__,__,__,__,__,__,__,__,__,__,__,__,__,__,__,__,__,__,__,__,__,__,__,__,__,__,__,__,__,__,__,__,__,__,__,__,__,__,__
__,__,__,__,__,__,__,__,__,__,__,__,__,__,__,__,__,__,__,__,__,__,__,__,__,__,__,__,__,__,__,__,__,__,__,__,__,__,__,__,__,__,__,__,__,__,__,__,__,__,__,__,__,__,__,__,__,__,__,__,__,__,__,__,__,__,__,__,__,__,__,__,__,__
__,__,__,__,__,__,__,__,__,__,__,__,__,__,__,__,__,__,__,__,__,__,__,__,__,__,__,__,__,__,__,__,__,__,__,__,__,__,__,__,__,__,__,__,__,__,__,__,__,__,__,__,__,__,__,__,__,__,__,__,__,__,__,__,__,__,__,__,__,__,__,__,__,__
__,__,__,__,__,__,__,__,__,__,__,__,__,__,__,__,__,__,__,__,__,__,__,__,__,__,__,__,__,__,__,__,__,__,__,__,__,__,__,__,__,__,__,__,__,__,__,__,__,__,__,__,__,__,__,__,__,__,__,__,__,__,__,__,__,__,__,__,__,__,__,__,__,__
__,__,__,__,__,__,__,__,__,__,__,__,__,__,__,__,__,__,__,__,__,__,__,__,__,__,__,__,__,__,__,__,__,__,__,__,__,__,__,__,__,__,__,__,__,__,__,__,__,__,__,__,__,__,__,__,__,__,__,__,__,__,__,__,__,__,__,__,__,__,__,__,__,__
__,__,__,__,__,__,__,__,__,__,__,__,__,__,__,__,__,__,__,__,__,__,__,__,__,__,__,__,__,__,__,__,__,__,__,__,__,__,__,__,__,__,__,__,__,__,__,__,__,__,__,__,__,__,__,__,__,__,__,__,__,__,__,__,__,__,__,__,__,__,__,__,__,__
__,__,__,__,__,__,__,__,__,__,__,__,__,__,__,__,__,__,__,__,__,__,__,__,__,__,__,__,__,__,__,__,__,__,__,__,__,__,__,__,__,__,__,__,__,__,__,__,__,__,__,__,__,__,__,__,__,__,__,__,__,__,__,__,__,__,__,__,__,__,__,__,__,__
__,__,__,__,__,__,__,__,__,__,__,__,__,__,__,__,__,__,__,__,__,__,__,__,__,__,__,__,__,__,__,__,__,__,__,__,__,__,__,__,__,__,__,__,__,__,__,__,__,__,__,__,__,__,__,__,__,__,__,__,__,__,__,__,__,__,__,__,__,__,__,__,__,__
__,__,__,__,__,__,__,__,__,__,__,__,__,__,__,__,__,__,__,__,__,__,__,__,__,__,__,__,__,__,__,__,__,__,__,__,__,__,__,__,__,__,__,__,__,__,__,__,__,__,__,__,__,__,__,__,__,__,__,__,__,__,__,__,__,__,__,__,__,__,__,__,__,__
__,__,__,__,__,__,__,__,__,__,__,__,__,__,__,__,__,__,__,__,__,__,__,__,__,__,__,__,__,__,__,__,__,__,__,__,__,__,__,__,__,__,__,__,__,__,__,__,__,__,__,__,__,__,__,__,__,__,__,__,__,__,__,__,__,__,__,__,__,__,__,__,__,__
__,__,__,__,__,__,__,__,__,__,__,__,__,__,__,__,__,__,__,__,__,__,__,__,__,__,__,__,__,__,__,__,__,__,__,__,__,__,__,__,__,__,__,__,__,__,__,__,__,__,__,__,__,__,__,__,__,__,__,__,__,__,__,__,__,__,__,__,__,__,__,__,__,__
__,__,__,__,__,__,__,__,__,__,__,__,__,__,__,__,__,__,__,__,__,__,__,__,__,__,__,__,__,__,__,__,__,__,__,__,__,__,__,__,__,__,__,__,__,__,__,__,__,__,__,__,__,__,__,__,__,__,__,__,__,__,__,__,__,__,__,__,__,__,__,__,__,__
__,__,__,__,__,__,__,__,__,__,__,__,__,__,__,__,__,__,__,__,__,__,__,__,__,__,__,__,__,__,__,__,__,__,__,__,__,__,__,__,__,__,__,__,__,__,__,__,__,__,__,__,__,__,__,__,__,__,__,__,__,__,__,__,__,__,__,__,__,__,__,__,__,__
__,__,__,__,__,__,__,__,__,__,__,__,__,__,__,__,__,__,__,__,__,__,__,__,__,__,__,__,__,__,__,__,__,__,__,__,__,__,__,__,__,__,__,__,__,__,__,__,__,__,__,__,__,__,__,__,__,__,__,__,__,__,__,__,__,__,__,__,__,__,__,__,__,__
__,__,__,__,__,__,__,__,__,__,__,__,__,__,__,__,__,__,__,__,__,__,__,__,__,__,__,__,__,__,__,__,__,__,__,__,__,__,__,__,__,__,__,__,__,__,__,__,__,__,__,__,__,__,__,__,__,__,__,__,__,__,__,__,__,__,__,__,__,__,__,__,__,__
__,__,__,__,__,__,__,__,__,__,__,__,__,__,__,__,__,__,__,__,__,__,__,__,__,__,__,__,__,__,__,__,__,__,__,__,__,__,__,__,__,__,__,__,__,__,__,__,__,__,__,__,__,__,__,__,__,__,__,__,__,__,__,__,__,__,__,__,__,__,__,__,__,__
__,__,__,__,__,__,__,__,__,__,__,__,__,__,__,__,__,__,__,__,__,__,__,__,__,__,__,__,__,__,__,__,__,__,__,__,__,__,__,__,__,__,__,__,__,__,__,__,__,__,__,__,__,__,__,__,__,__,__,__,__,__,__,__,__,__,__,__,__,__,__,__,__,__
__,__,__,__,__,__,__,__,__,__,__,__,__,__,__,__,__,__,__,__,__,__,__,__,__,__,__,__,__,__,__,__,__,__,__,__,__,__,__,__,__,__,__,__,__,__,__,__,__,__,__,__,__,__,__,__,__,__,__,__,__,__,__,__,__,__,__,__,__,__,__,__,__,__
__,__,__,__,__,__,__,__,__,__,__,__,__,__,__,__,__,__,__,__,__,__,__,__,__,__,__,__,__,__,__,__,__,__,__,__,__,__,__,__,__,__,__,__,__,__,__,__,__,__,__,__,__,__,__,__,__,__,__,__,__,__,__,__,__,__,__,__,__,__,__,__,__,__
__,__,__,__,__,__,__,__,__,__,__,__,__,__,__,__,__,__,__,__,__,__,__,__,__,__,__,__,__,__,__,__,__,__,__,__,__,__,__,__,__,__,__,__,__,__,__,__,__,__,__,__,__,__,__,__,__,__,__,__,__,__,__,__,__,__,__,__,__,__,__,__,__,__
__,__,__,__,__,__,__,__,__,__,__,__,__,__,__,__,__,__,__,__,__,__,__,__,__,__,__,__,__,__,__,__,__,__,__,__,__,__,__,__,__,__,__,__,__,__,__,__,__,__,__,__,__,__,__,__,__,__,__,__,__,__,__,__,__,__,__,__,__,__,__,__,__,__
__,__,__,__,__,__,__,__,__,__,__,__,__,__,__,__,__,__,__,__,__,__,__,__,__,__,__,__,__,__,__,__,__,__,__,__,__,__,__,__,__,__,__,__,__,__,__,__,__,__,__,__,__,__,__,__,__,__,__,__,__,__,__,__,__,__,__,__,__,__,__,__,__,__
__,__,__,__,__,__,__,__,__,__,__,__,__,__,__,__,__,__,__,__,__,__,__,__,__,__,__,__,__,__,__,__,__,__,__,__,__,__,__,__,__,__,__,__,__,__,__,__,__,__,__,__,__,__,__,__,__,__,__,__,__,__,__,__,__,__,__,__,__,__,__,__,__,__
__,__,__,__,__,__,__,__,__,__,__,__,__,__,__,__,__,__,__,__,__,__,__,__,__,__,__,__,__,__,__,__,__,__,__,__,__,__,__,__,__,__,__,__,__,__,__,__,__,__,__,__,__,__,__,__,__,__,__,__,__,__,__,__,__,__,__,__,__,__,__,__,__,__
__,__,__,__,__,__,__,__,__,__,__,__,__,__,__,__,__,__,__,__,__,__,__,__,__,__,__,__,__,__,__,__,__,__,__,__,__,__,__,__,__,__,__,__,__,__,__,__,__,__,__,__,__,__,__,__,__,__,__,__,__,__,__,__,__,__,__,__,__,__,__,__,__,__
__,__,__,__,__,__,__,__,__,__,__,__,__,__,__,__,__,__,__,__,__,__,__,__,__,__,__,__,__,__,__,__,__,__,__,__,__,__,__,__,__,__,__,__,__,__,__,__,__,__,__,__,__,__,__,__,__,__,__,__,__,__,__,__,__,__,__,__,__,__,__,__,__,__
__,__,__,__,__,__,__,__,__,__,__,__,__,__,__,__,__,__,__,__,__,__,__,__,__,__,__,__,__,__,__,__,__,__,__,__,__,__,__,__,__,__,__,__,__,__,__,__,__,__,__,__,__,__,__,__,__,__,__,__,__,__,__,__,__,__,__,__,__,__,__,__,__,__
__,__,__,__,__,__,__,__,__,__,__,__,__,__,__,__,__,__,__,__,__,__,__,__,__,__,__,__,__,__,__,__,__,__,__,__,__,__,__,__,__,__,__,__,__,__,__,__,__,__,__,__,__,__,__,__,__,__,__,__,__,__,__,__,__,__,__,__,__,__,__,__,__,__
__,__,__,__,__,__,__,__,__,__,__,__,__,__,__,__,__,__,__,__,__,__,__,__,__,__,__,__,__,__,__,__,__,__,__,__,__,__,__,__,__,__,__,__,__,__,__,__,__,__,__,__,__,__,__,__,__,__,__,__,__,__,__,__,__,__,__,__,__,__,__,__,__,__
__,__,__,__,__,__,__,__,__,__,__,__,__,__,__,__,__,__,__,__,__,__,__,__,__,__,__,__,__,__,__,__,__,__,__,__,__,__,__,__,__,__,__,__,__,__,__,__,__,__,__,__,__,__,__,__,__,__,__,__,__,__,__,__,__,__,__,__,__,__,__,__,__,__
__,__,__,__,__,__,__,__,__,__,__,__,__,__,__,__,__,__,__,__,__,__,__,__,__,__,__,__,__,__,__,__,__,__,__,__,__,__,__,__,__,__,__,__,__,__,__,__,__,__,__,__,__,__,__,__,__,__,__,__,__,__,__,__,__,__,__,__,__,__,__,__,__,__
__,__,__,__,__,__,__,__,__,__,__,__,__,__,__,__,__,__,__,__,__,__,__,__,__,__,__,__,__,__,__,__,__,__,__,__,__,__,__,__,__,__,__,__,__,__,__,__,__,__,__,__,__,__,__,__,__,__,__,__,__,__,__,__,__,__,__,__,__,__,__,__,__,__
__,__,__,__,__,__,__,__,__,__,__,__,__,__,__,__,__,__,__,__,__,__,__,__,__,__,__,__,__,__,__,__,__,__,__,__,__,__,__,__,__,__,__,__,__,__,__,__,__,__,__,__,__,__,__,__,__,__,__,__,__,__,__,__,__,__,__,__,__,__,__,__,__,__
__,__,__,__,__,__,__,__,__,__,__,__,__,__,__,__,__,__,__,__,__,__,__,__,__,__,__,__,__,__,__,__,__,__,__,__,__,__,__,__,__,__,__,__,__,__,__,__,__,__,__,__,__,__,__,__,__,__,__,__,__,__,__,__,__,__,__,__,__,__,__,__,__,__
__,__,__,__,__,__,__,__,__,__,__,__,__,__,__,__,__,__,__,__,__,__,__,__,__,__,__,__,__,__,__,__,__,__,__,__,__,__,__,__,__,__,__,__,__,__,__,__,__,__,__,__,__,__,__,__,__,__,__,__,__,__,__,__,__,__,__,__,__,__,__,__,__,__
__,__,__,__,__,__,__,__,__,__,__,__,__,__,__,__,__,__,__,__,__,__,__,__,__,__,__,__,__,__,__,__,__,__,__,__,__,__,__,__,__,__,__,__,__,__,__,__,__,__,__,__,__,__,__,__,__,__,__,__,__,__,__,__,__,__,__,__,__,__,__,__,__,__
__,__,__,__,__,__,__,__,__,__,__,__,__,__,__,__,__,__,__,__,__,__,__,__,__,__,__,__,__,__,__,__,__,__,__,__,__,__,__,__,__,__,__,__,__,__,__,__,__,__,__,__,__,__,__,__,__,__,__,__,__,__,__,__,__,__,__,__,__,__,__,__,__,__
__,__,__,__,__,__,__,__,__,__,__,__,__,__,__,__,__,__,__,__,__,__,__,__,__,__,__,__,__,__,__,__,__,__,__,__,__,__,__,__,__,__,__,__,__,__,__,__,__,__,__,__,__,__,__,__,__,__,__,__,__,__,__,__,__,__,__,__,__,__,__,__,__,__
__,__,__,__,__,__,__,__,__,__,__,__,__,__,__,__,__,__,__,__,__,__,__,__,__,__,__,__,__,__,__,__,__,__,__,__,__,__,__,__,__,__,__,__,__,__,__,__,__,__,__,__,__,__,__,__,__,__,__,__,__,__,__,__,__,__,__,__,__,__,__,__,__,__
__,__,__,__,__,__,__,__,__,__,__,__,__,__,__,__,__,__,__,__,__,__,__,__,__,__,__,__,__,__,__,__,__,__,__,__,__,__,__,__,__,__,__,__,__,__,__,__,__,__,__,__,__,__,__,__,__,__,__,__,__,__,__,__,__,__,__,__,__,__,__,__,__,__
__,__,__,__,__,__,__,__,__,__,__,__,__,__,__,__,__,__,__,__,__,__,__,__,__,__,__,__,__,__,__,__,__,__,__,__,__,__,__,__,__,__,__,__,__,__,__,__,__,__,__,__,__,__,__,__,__,__,__,__,__,__,__,__,__,__,__,__,__,__,__,__,__,__
__,__,__,__,__,__,__,__,__,__,__,__,__,__,__,__,__,__,__,__,__,__,__,__,__,__,__,__,__,__,__,__,__,__,__,__,__,__,__,__,__,__,__,__,__,__,__,__,__,__,__,__,__,__,__,__,__,__,__,__,__,__,__,__,__,__,__,__,__,__,__,__,__,__
__,__,__,__,__,__,__,__,__,__,__,__,__,__,__,__,__,__,__,__,__,__,__,__,__,__,__,__,__,__,__,__,__,__,__,__,__,__,__,__,__,__,__,__,__,__,__,__,__,__,__,__,__,__,__,__,__,__,__,__,__,__,__,__,__,__,__,__,__,__,__,__,__,__
__,__,__,__,__,__,__,__,__,__,__,__,__,__,__,__,__,__,__,__,__,__,__,__,__,__,__,__,__,__,__,__,__,__,__,__,__,__,__,__,__,__,__,__,__,__,__,__,__,__,__,__,__,__,__,__,__,__,__,__,__,__,__,__,__,__,__,__,__,__,__,__,__,__
__,__,__,__,__,__,__,__,__,__,__,__,__,__,__,__,__,__,__,__,__,__,__,__,__,__,__,__,__,__,__,__,__,__,__,__,__,__,__,__,__,__,__,__,__,__,__,__,__,__,__,__,__,__,__,__,__,__,__,__,__,__,__,__,__,__,__,__,__,__,__,__,__,__
__,__,__,__,__,__,__,__,__,__,__,__,__,__,__,__,__,__,__,__,__,__,__,__,__,__,__,__,__,__,__,__,__,__,__,__,__,__,__,__,__,__,__,__,__,__,__,__,__,__,__,__,__,__,__,__,__,__,__,__,__,__,__,__,__,__,__,__,__,__,__,__,__,__
__,__,__,__,__,__,__,__,__,__,__,__,__,__,__,__,__,__,__,__,__,__,__,__,__,__,__,__,__,__,__,__,__,__,__,__,__,__,__,__,__,__,__,__,__,__,__,__,__,__,__,__,__,__,__,__,__,__,__,__,__,__,__,__,__,__,__,__,__,__,__,__,__,__
__,__,__,__,__,__,__,__,__,__,__,__,__,__,__,__,__,__,__,__,__,__,__,__,__,__,__,__,__,__,__,__,__,__,__,__,__,__,__,__,__,__,__,__,__,__,__,__,__,__,__,__,__,__,__,__,__,__,__,__,__,__,__,__,__,__,__,__,__,__,__,__,__,__
__,__,__,__,__,__,__,__,__,__,__,__,__,__,__,__,__,__,__,__,__,__,__,__,__,__,__,__,__,__,__,__,__,__,__,__,__,__,__,__,__,__,__,__,__,__,__,__,__,__,__,__,__,__,__,__,__,__,__,__,__,__,__,__,__,__,__,__,__,__,__,__,__,__
__,__,__,__,__,__,__,__,__,__,__,__,__,__,__,__,__,__,__,__,__,__,__,__,__,__,__,__,__,__,__,__,__,__,__,__,__,__,__,__,__,__,__,__,__,__,__,__,__,__,__,__,__,__,__,__,__,__,__,__,__,__,__,__,__,__,__,__,__,__,__,__,__,__
__,__,__,__,__,__,__,__,__,__,__,__,__,__,__,__,__,__,__,__,__,__,__,__,__,__,__,__,__,__,__,__,__,__,__,__,__,__,__,__,__,__,__,__,__,__,__,__,__,__,__,__,__,__,__,__,__,__,__,__,__,__,__,__,__,__,__,__,__,__,__,__,__,__
__,__,__,__,__,__,__,__,__,__,__,__,__,__,__,__,__,__,__,__,__,__,__,__,__,__,__,__,__,__,__,__,__,__,__,__,__,__,__,__,__,__,__,__,__,__,__,__,__,__,__,__,__,__,__,__,__,__,__,__,__,__,__,__,__,__,__,__,__,__,__,__,__,__
__,__,__,__,__,__,__,__,__,__,__,__,__,__,__,__,__,__,__,__,__,__,__,__,__,__,__,__,__,__,__,__,__,__,__,__,__,__,__,__,__,__,__,__,__,__,__,__,__,__,__,__,__,__,__,__,__,__,__,__,__,__,__,__,__,__,__,__,__,__,__,__,__,__
__,__,__,__,__,__,__,__,__,__,__,__,__,__,__,__,__,__,__,__,__,__,__,__,__,__,__,__,__,__,__,__,__,__,__,__,__,__,__,__,__,__,__,__,__,__,__,__,__,__,__,__,__,__,__,__,__,__,__,__,__,__,__,__,__,__,__,__,__,__,__,__,__,__
__,__,__,__,__,__,__,__,__,__,__,__,__,__,__,__,__,__,__,__,__,__,__,__,__,__,__,__,__,__,__,__,__,__,__,__,__,__,__,__,__,__,__,__,__,__,__,__,__,__,__,__,__,__,__,__,__,__,__,__,__,__,__,__,__,__,__,__,__,__,__,__,__,__
__,__,__,__,__,__,__,__,__,__,__,__,__,__,__,__,__,__,__,__,__,__,__,__,__,__,__,__,__,__,__,__,__,__,__,__,__,__,__,__,__,__,__,__,__,__,__,__,__,__,__,__,__,__,__,__,__,__,__,__,__,__,__,__,__,__,__,__,__,__,__,__,__,__
__,__,__,__,__,__,__,__,__,__,__,__,__,__,__,__,__,__,__,__,__,__,__,__,__,__,__,__,__,__,__,__,__,__,__,__,__,__,__,__,__,__,__,__,__,__,__,__,__,__,__,__,__,__,__,__,__,__,__,__,__,__,__,__,__,__,__,__,__,__,__,__,__,__
__,__,__,__,__,__,__,__,__,__,__,__,__,__,__,__,__,__,__,__,__,__,__,__,__,__,__,__,__,__,__,__,__,__,__,__,__,__,__,__,__,__,__,__,__,__,__,__,__,__,__,__,__,__,__,__,__,__,__,__,__,__,__,__,__,__,__,__,__,__,__,__,__,__
__,__,__,__,__,__,__,__,__,__,__,__,__,__,__,__,__,__,__,__,__,__,__,__,__,__,__,__,__,__,__,__,__,__,__,__,__,__,__,__,__,__,__,__,__,__,__,__,__,__,__,__,__,__,__,__,__,__,__,__,__,__,__,__,__,__,__,__,__,__,__,__,__,__
__,__,__,__,__,__,__,__,__,__,__,__,__,__,__,__,__,__,__,__,__,__,__,__,__,__,__,__,__,__,__,__,__,__,__,__,__,__,__,__,__,__,__,__,__,__,__,__,__,__,__,__,__,__,__,__,__,__,__,__,__,__,__,__,__,__,__,__,__,__,__,__,__,__
__,__,__,__,__,__,__,__,__,__,__,__,__,__,__,__,__,__,__,__,__,__,__,__,__,__,__,__,__,__,__,__,__,__,__,__,__,__,__,__,__,__,__,__,__,__,__,__,__,__,__,__,__,__,__,__,__,__,__,__,__,__,__,__,__,__,__,__,__,__,__,__,__,__
__,__,__,__,__,__,__,__,__,__,__,__,__,__,__,__,__,__,__,__,__,__,__,__,__,__,__,__,__,__,__,__,__,__,__,__,__,__,__,__,__,__,__,__,__,__,__,__,__,__,__,__,__,__,__,__,__,__,__,__,__,__,__,__,__,__,__,__,__,__,__,__,__,__
__,__,__,__,__,__,__,__,__,__,__,__,__,__,__,__,__,__,__,__,__,__,__,__,__,__,__,__,__,__,__,__,__,__,__,__,__,__,__,__,__,__,__,__,__,__,__,__,__,__,__,__,__,__,__,__,__,__,__,__,__,__,__,__,__,__,__,__,__,__,__,__,__,__
__,__,__,__,__,__,__,__,__,__,__,__,__,__,__,__,__,__,__,__,__,__,__,__,__,__,__,__,__,__,__,__,__,__,__,__,__,__,__,__,__,__,__,__,__,__,__,__,__,__,__,__,__,__,__,__,__,__,__,__,__,__,__,__,__,__,__,__,__,__,__,__,__,__
__,__,__,__,__,__,__,__,__,__,__,__,__,__,__,__,__,__,__,__,__,__,__,__,__,__,__,__,__,__,__,__,__,__,__,__,__,__,__,__,__,__,__,__,__,__,__,__,__,__,__,__,__,__,__,__,__,__,__,__,__,__,__,__,__,__,__,__,__,__,__,__,__,__
__,__,__,__,__,__,__,__,__,__,__,__,__,__,__,__,__,__,__,__,__,__,__,__,__,__,__,__,__,__,__,__,__,__,__,__,__,__,__,__,__,__,__,__,__,__,__,__,__,__,__,__,__,__,__,__,__,__,__,__,__,__,__,__,__,__,__,__,__,__,__,__,__,__
__,__,__,__,__,__,__,__,__,__,__,__,__,__,__,__,__,__,__,__,__,__,__,__,__,__,__,__,__,__,__,__,__,__,__,__,__,__,__,__,__,__,__,__,__,__,__,__,__,__,__,__,__,__,__,__,__,__,__,__,__,__,__,__,__,__,__,__,__,__,__,__,__,__
__,__,__,__,__,__,__,__,__,__,__,__,__,__,__,__,__,__,__,__,__,__,__,__,__,__,__,__,__,__,__,__,__,__,__,__,__,__,__,__,__,__,__,__,__,__,__,__,__,__,__,__,__,__,__,__,__,__,__,__,__,__,__,__,__,__,__,__,__,__,__,__,__,__
__,__,__,__,__,__,__,__,__,__,__,__,__,__,__,__,__,__,__,__,__,__,__,__,__,__,__,__,__,__,__,__,__,__,__,__,__,__,__,__,__,__,__,__,__,__,__,__,__,__,__,__,__,__,__,__,__,__,__,__,__,__,__,__,__,__,__,__,__,__,__,__,__,__
__,__,__,__,__,__,__,__,__,__,__,__,__,__,__,__,__,__,__,__,__,__,__,__,__,__,__,__,__,__,__,__,__,__,__,__,__,__,__,__,__,__,__,__,__,__,__,__,__,__,__,__,__,__,__,__,__,__,__,__,__,__,__,__,__,__,__,__,__,__,__,__,__,__
__,__,__,__,__,__,__,__,__,__,__,__,__,__,__,__,__,__,__,__,__,__,__,__,__,__,__,__,__,__,__,__,__,__,__,__,__,__,__,__,__,__,__,__,__,__,__,__,__,__,__,__,__,__,__,__,__,__,__,__,__,__,__,__,__,__,__,__,__,__,__,__,__,__
__,__,__,__,__,__,__,__,__,__,__,__,__,__,__,__,__,__,__,__,__,__,__,__,__,__,__,__,__,__,__,__,__,__,__,__,__,__,__,__,__,__,__,__,__,__,__,__,__,__,__,__,__,__,__,__,__,__,__,__,__,__,__,__,__,__,__,__,__,__,__,__,__,__
__,__,__,__,__,__,__,__,__,__,__,__,__,__,__,__,__,__,__,__,__,__,__,__,__,__,__,__,__,__,__,__,__,__,__,__,__,__,__,__,__,__,__,__,__,__,__,__,__,__,__,__,__,__,__,__,__,__,__,__,__,__,__,__,__,__,__,__,__,__,__,__,__,__
__,__,__,__,__,__,__,__,__,__,__,__,__,__,__,__,__,__,__,__,__,__,__,__,__,__,__,__,__,__,__,__,__,__,__,__,__,__,__,__,__,__,__,__,__,__,__,__,__,__,__,__,__,__,__,__,__,__,__,__,__,__,__,__,__,__,__,__,__,__,__,__,__,__
__,__,__,__,__,__,__,__,__,__,__,__,__,__,__,__,__,__,__,__,__,__,__,__,__,__,__,__,__,__,__,__,__,__,__,__,__,__,__,__,__,__,__,__,__,__,__,__,__,__,__,__,__,__,__,__,__,__,__,__,__,__,__,__,__,__,__,__,__,__,__,__,__,__
__,__,__,__,__,__,__,__,__,__,__,__,__,__,__,__,__,__,__,__,__,__,__,__,__,__,__,__,__,__,__,__,__,__,__,__,__,__,__,__,__,__,__,__,__,__,__,__,__,__,__,__,__,__,__,__,__,__,__,__,__,__,__,__,__,__,__,__,__,__,__,__,__,__
__,__,__,__,__,__,__,__,__,__,__,__,__,__,__,__,__,__,__,__,__,__,__,__,__,__,__,__,__,__,__,__,__,__,__,__,__,__,__,__,__,__,__,__,__,__,__,__,__,__,__,__,__,__,__,__,__,__,__,__,__,__,__,__,__,__,__,__,__,__,__,__,__,__
__,__,__,__,__,__,__,__,__,__,__,__,__,__,__,__,__,__,__,__,__,__,__,__,__,__,__,__,__,__,__,__,__,__,__,__,__,__,__,__,__,__,__,__,__,__,__,__,__,__,__,__,__,__,__,__,__,__,__,__,__,__,__,__,__,__,__,__,__,__,__,__,__,__
__,__,__,__,__,__,__,__,__,__,__,__,__,__,__,__,__,__,__,__,__,__,__,__,__,__,__,__,__,__,__,__,__,__,__,__,__,__,__,__,__,__,__,__,__,__,__,__,__,__,__,__,__,__,__,__,__,__,__,__,__,__,__,__,__,__,__,__,__,__,__,__,__,__
__,__,__,__,__,__,__,__,__,__,__,__,__,__,__,__,__,__,__,__,__,__,__,__,__,__,__,__,__,__,__,__,__,__,__,__,__,__,__,__,__,__,__,__,__,__,__,__,__,__,__,__,__,__,__,__,__,__,__,__,__,__,__,__,__,__,__,__,__,__,__,__,__,__
__,__,__,__,__,__,__,__,__,__,__,__,__,__,__,__,__,__,__,__,__,__,__,__,__,__,__,__,__,__,__,__,__,__,__,__,__,__,__,__,__,__,__,__,__,__,__,__,__,__,__,__,__,__,__,__,__,__,__,__,__,__,__,__,__,__,__,__,__,__,__,__,__,__
__,__,__,__,__,__,__,__,__,__,__,__,__,__,__,__,__,__,__,__,__,__,__,__,__,__,__,__,__,__,__,__,__,__,__,__,__,__,__,__,__,__,__,__,__,__,__,__,__,__,__,__,__,__,__,__,__,__,__,__,__,__,__,__,__,__,__,__,__,__,__,__,__,__
__,__,__,__,__,__,__,__,__,__,__,__,__,__,__,__,__,__,__,__,__,__,__,__,__,__,__,__,__,__,__,__,__,__,__,__,__,__,__,__,__,__,__,__,__,__,__,__,__,__,__,__,__,__,__,__,__,__,__,__,__,__,__,__,__,__,__,__,__,__,__,__,__,__
__,__,__,__,__,__,__,__,__,__,__,__,__,__,__,__,__,__,__,__,__,__,__,__,__,__,__,__,__,__,__,__,__,__,__,__,__,__,__,__,__,__,__,__,__,__,__,__,__,__,__,__,__,__,__,__,__,__,__,__,__,__,__,__,__,__,__,__,__,__,__,__,__,__
__,__,__,__,__,__,__,__,__,__,__,__,__,__,__,__,__,__,__,__,__,__,__,__,__,__,__,__,__,__,__,__,__,__,__,__,__,__,__,__,__,__,__,__,__,__,__,__,__,__,__,__,__,__,__,__,__,__,__,__,__,__,__,__,__,__,__,__,__,__,__,__,__,__
__,__,__,__,__,__,__,__,__,__,__,__,__,__,__,__,__,__,__,__,__,__,__,__,__,__,__,__,__,__,__,__,__,__,__,__,__,__,__,__,__,__,__,__,__,__,__,__,__,__,__,__,__,__,__,__,__,__,__,__,__,__,__,__,__,__,__,__,__,__,__,__,__,__
__,__,__,__,__,__,__,__,__,__,__,__,__,__,__,__,__,__,__,__,__,__,__,__,__,__,__,__,__,__,__,__,__,__,__,__,__,__,__,__,__,__,__,__,__,__,__,__,__,__,__,__,__,__,__,__,__,__,__,__,__,__,__,__,__,__,__,__,__,__,__,__,__,__
__,__,__,__,__,__,__,__,__,__,__,__,__,__,__,__,__,__,__,__,__,__,__,__,__,__,__,__,__,__,__,__,__,__,__,__,__,__,__,__,__,__,__,__,__,__,__,__,__,__,__,__,__,__,__,__,__,__,__,__,__,__,__,__,__,__,__,__,__,__,__,__,__,__
__,__,__,__,__,__,__,__,__,__,__,__,__,__,__,__,__,__,__,__,__,__,__,__,__,__,__,__,__,__,__,__,__,__,__,__,__,__,__,__,__,__,__,__,__,__,__,__,__,__,__,__,__,__,__,__,__,__,__,__,__,__,__,__,__,__,__,__,__,__,__,__,__,__
__,__,__,__,__,__,__,__,__,__,__,__,__,__,__,__,__,__,__,__,__,__,__,__,__,__,__,__,__,__,__,__,__,__,__,__,__,__,__,__,__,__,__,__,__,__,__,__,__,__,__,__,__,__,__,__,__,__,__,__,__,__,__,__,__,__,__,__,__,__,__,__,__,__
__,__,__,__,__,__,__,__,__,__,__,__,__,__,__,__,__,__,__,__,__,__,__,__,__,__,__,__,__,__,__,__,__,__,__,__,__,__,__,__,__,__,__,__,__,__,__,__,__,__,__,__,__,__,__,__,__,__,__,__,__,__,__,__,__,__,__,__,__,__,__,__,__,__
__,__,__,__,__,__,__,__,__,__,__,__,__,__,__,__,__,__,__,__,__,__,__,__,__,__,__,__,__,__,__,__,__,__,__,__,__,__,__,__,__,__,__,__,__,__,__,__,__,__,__,__,__,__,__,__,__,__,__,__,__,__,__,__,__,__,__,__,__,__,__,__,__,__
__,__,__,__,__,__,__,__,__,__,__,__,__,__,__,__,__,__,__,__,__,__,__,__,__,__,__,__,__,__,__,__,__,__,__,__,__,__,__,__,__,__,__,__,__,__,__,__,__,__,__,__,__,__,__,__,__,__,__,__,__,__,__,__,__,__,__,__,__,__,__,__,__,__
__,__,__,__,__,__,__,__,__,__,__,__,__,__,__,__,__,__,__,__,__,__,__,__,__,__,__,__,__,__,__,__,__,__,__,__,__,__,__,__,__,__,__,__,__,__,__,__,__,__,__,__,__,__,__,__,__,__,__,__,__,__,__,__,__,__,__,__,__,__,__,__,__,__
__,__,__,__,__,__,__,__,__,__,__,__,__,__,__,__,__,__,__,__,__,__,__,__,__,__,__,__,__,__,__,__,__,__,__,__,__,__,__,__,__,__,__,__,__,__,__,__,__,__,__,__,__,__,__,__,__,__,__,__,__,__,__,__,__,__,__,__,__,__,__,__,__,__
__,__,__,__,__,__,__,__,__,__,__,__,__,__,__,__,__,__,__,__,__,__,__,__,__,__,__,__,__,__,__,__,__,__,__,__,__,__,__,__,__,__,__,__,__,__,__,__,__,__,__,__,__,__,__,__,__,__,__,__,__,__,__,__,__,__,__,__,__,__,__,__,__,__
__,__,__,__,__,__,__,__,__,__,__,__,__,__,__,__,__,__,__,__,__,__,__,__,__,__,__,__,__,__,__,__,__,__,__,__,__,__,__,__,__,__,__,__,__,__,__,__,__,__,__,__,__,__,__,__,__,__,__,__,__,__,__,__,__,__,__,__,__,__,__,__,__,__
__,__,__,__,__,__,__,__,__,__,__,__,__,__,__,__,__,__,__,__,__,__,__,__,__,__,__,__,__,__,__,__,__,__,__,__,__,__,__,__,__,__,__,__,__,__,__,__,__,__,__,__,__,__,__,__,__,__,__,__,__,__,__,__,__,__,__,__,__,__,__,__,__,__
__,__,__,__,__,__,__,__,__,__,__,__,__,__,__,__,__,__,__,__,__,__,__,__,__,__,__,__,__,__,__,__,__,__,__,__,__,__,__,__,__,__,__,__,__,__,__,__,__,__,__,__,__,__,__,__,__,__,__,__,__,__,__,__,__,__,__,__,__,__,__,__,__,__
__,__,__,__,__,__,__,__,__,__,__,__,__,__,__,__,__,__,__,__,__,__,__,__,__,__,__,__,__,__,__,__,__,__,__,__,__,__,__,__,__,__,__,__,__,__,__,__,__,__,__,__,__,__,__,__,__,__,__,__,__,__,__,__,__,__,__,__,__,__,__,__,__,__
__,__,__,__,__,__,__,__,__,__,__,__,__,__,__,__,__,__,__,__,__,__,__,__,__,__,__,__,__,__,__,__,__,__,__,__,__,__,__,__,__,__,__,__,__,__,__,__,__,__,__,__,__,__,__,__,__,__,__,__,__,__,__,__,__,__,__,__,__,__,__,__,__,__
__,__,__,__,__,__,__,__,__,__,__,__,__,__,__,__,__,__,__,__,__,__,__,__,__,__,__,__,__,__,__,__,__,__,__,__,__,__,__,__,__,__,__,__,__,__,__,__,__,__,__,__,__,__,__,__,__,__,__,__,__,__,__,__,__,__,__,__,__,__,__,__,__,__
__,__,__,__,__,__,__,__,__,__,__,__,__,__,__,__,__,__,__,__,__,__,__,__,__,__,__,__,__,__,__,__,__,__,__,__,__,__,__,__,__,__,__,__,__,__,__,__,__,__,__,__,__,__,__,__,__,__,__,__,__,__,__,__,__,__,__,__,__,__,__,__,__,__
__,__,__,__,__,__,__,__,__,__,__,__,__,__,__,__,__,__,__,__,__,__,__,__,__,__,__,__,__,__,__,__,__,__,__,__,__,__,__,__,__,__,__,__,__,__,__,__,__,__,__,__,__,__,__,__,__,__,__,__,__,__,__,__,__,__,__,__,__,__,__,__,__,__
__,__,__,__,__,__,__,__,__,__,__,__,__,__,__,__,__,__,__,__,__,__,__,__,__,__,__,__,__,__,__,__,__,__,__,__,__,__,__,__,__,__,__,__,__,__,__,__,__,__,__,__,__,__,__,__,__,__,__,__,__,__,__,__,__,__,__,__,__,__,__,__,__,__
__,__,__,__,__,__,__,__,__,__,__,__,__,__,__,__,__,__,__,__,__,__,__,__,__,__,__,__,__,__,__,__,__,__,__,__,__,__,__,__,__,__,__,__,__,__,__,__,__,__,__,__,__,__,__,__,__,__,__,__,__,__,__,__,__,__,__,__,__,__,__,__,__,__
__,__,__,__,__,__,__,__,__,__,__,__,__,__,__,__,__,__,__,__,__,__,__,__,__,__,__,__,__,__,__,__,__,__,__,__,__,__,__,__,__,__,__,__,__,__,__,__,__,__,__,__,__,__,__,__,__,__,__,__,__,__,__,__,__,__,__,__,__,__,__,__,__,__
__,__,__,__,__,__,__,__,__,__,__,__,__,__,__,__,__,__,__,__,__,__,__,__,__,__,__,__,__,__,__,__,__,__,__,__,__,__,__,__,__,__,__,__,__,__,__,__,__,__,__,__,__,__,__,__,__,__,__,__,__,__,__,__,__,__,__,__,__,__,__,__,__,__
__,__,__,__,__,__,__,__,__,__,__,__,__,__,__,__,__,__,__,__,__,__,__,__,__,__,__,__,__,__,__,__,__,__,__,__,__,__,__,__,__,__,__,__,__,__,__,__,__,__,__,__,__,__,__,__,__,__,__,__,__,__,__,__,__,__,__,__,__,__,__,__,__,__
__,__,__,__,__,__,__,__,__,__,__,__,__,__,__,__,__,__,__,__,__,__,__,__,__,__,__,__,__,__,__,__,__,__,__,__,__,__,__,__,__,__,__,__,__,__,__,__,__,__,__,__,__,__,__,__,__,__,__,__,__,__,__,__,__,__,__,__,__,__,__,__,__,__
__,__,__,__,__,__,__,__,__,__,__,__,__,__,__,__,__,__,__,__,__,__,__,__,__,__,__,__,__,__,__,__,__,__,__,__,__,__,__,__,__,__,__,__,__,__,__,__,__,__,__,__,__,__,__,__,__,__,__,__,__,__,__,__,__,__,__,__,__,__,__,__,__,__
__,__,__,__,__,__,__,__,__,__,__,__,__,__,__,__,__,__,__,__,__,__,__,__,__,__,__,__,__,__,__,__,__,__,__,__,__,__,__,__,__,__,__,__,__,__,__,__,__,__,__,__,__,__,__,__,__,__,__,__,__,__,__,__,__,__,__,__,__,__,__,__,__,__
__,__,__,__,__,__,__,__,__,__,__,__,__,__,__,__,__,__,__,__,__,__,__,__,__,__,__,__,__,__,__,__,__,__,__,__,__,__,__,__,__,__,__,__,__,__,__,__,__,__,__,__,__,__,__,__,__,__,__,__,__,__,__,__,__,__,__,__,__,__,__,__,__,__
__,__,__,__,__,__,__,__,__,__,__,__,__,__,__,__,__,__,__,__,__,__,__,__,__,__,__,__,__,__,__,__,__,__,__,__,__,__,__,__,__,__,__,__,__,__,__,__,__,__,__,__,__,__,__,__,__,__,__,__,__,__,__,__,__,__,__,__,__,__,__,__,__,__
__,__,__,__,__,__,__,__,__,__,__,__,__,__,__,__,__,__,__,__,__,__,__,__,__,__,__,__,__,__,__,__,__,__,__,__,__,__,__,__,__,__,__,__,__,__,__,__,__,__,__,__,__,__,__,__,__,__,__,__,__,__,__,__,__,__,__,__,__,__,__,__,__,__
__,__,__,__,__,__,__,__,__,__,__,__,__,__,__,__,__,__,__,__,__,__,__,__,__,__,__,__,__,__,__,__,__,__,__,__,__,__,__,__,__,__,__,__,__,__,__,__,__,__,__,__,__,__,__,__,__,__,__,__,__,__,__,__,__,__,__,__,__,__,__,__,__,__
__,__,__,__,__,__,__,__,__,__,__,__,__,__,__,__,__,__,__,__,__,__,__,__,__,__,__,__,__,__,__,__,__,__,__,__,__,__,__,__,__,__,__,__,__,__,__,__,__,__,__,__,__,__,__,__,__,__,__,__,__,__,__,__,__,__,__,__,__,__,__,__,__,__
__,__,__,__,__,__,__,__,__,__,__,__,__,__,__,__,__,__,__,__,__,__,__,__,__,__,__,__,__,__,__,__,__,__,__,__,__,__,__,__,__,__,__,__,__,__,__,__,__,__,__,__,__,__,__,__,__,__,__,__,__,__,__,__,__,__,__,__,__,__,__,__,__,__
__,__,__,__,__,__,__,__,__,__,__,__,__,__,__,__,__,__,__,__,__,__,__,__,__,__,__,__,__,__,__,__,__,__,__,__,__,__,__,__,__,__,__,__,__,__,__,__,__,__,__,__,__,__,__,__,__,__,__,__,__,__,__,__,__,__,__,__,__,__,__,__,__,__
__,__,__,__,__,__,__,__,__,__,__,__,__,__,__,__,__,__,__,__,__,__,__,__,__,__,__,__,__,__,__,__,__,__,__,__,__,__,__,__,__,__,__,__,__,__,__,__,__,__,__,__,__,__,__,__,__,__,__,__,__,__,__,__,__,__,__,__,__,__,__,__,__,__
__,__,__,__,__,__,__,__,__,__,__,__,__,__,__,__,__,__,__,__,__,__,__,__,__,__,__,__,__,__,__,__,__,__,__,__,__,__,__,__,__,__,__,__,__,__,__,__,__,__,__,__,__,__,__,__,__,__,__,__,__,__,__,__,__,__,__,__,__,__,__,__,__,__
__,__,__,__,__,__,__,__,__,__,__,__,__,__,__,__,__,__,__,__,__,__,__,__,__,__,__,__,__,__,__,__,__,__,__,__,__,__,__,__,__,__,__,__,__,__,__,__,__,__,__,__,__,__,__,__,__,__,__,__,__,__,__,__,__,__,__,__,__,__,__,__,__,__
__,__,__,__,__,__,__,__,__,__,__,__,__,__,__,__,__,__,__,__,__,__,__,__,__,__,__,__,__,__,__,__,__,__,__,__,__,__,__,__,__,__,__,__,__,__,__,__,__,__,__,__,__,__,__,__,__,__,__,__,__,__,__,__,__,__,__,__,__,__,__,__,__,__
__,__,__,__,__,__,__,__,__,__,__,__,__,__,__,__,__,__,__,__,__,__,__,__,__,__,__,__,__,__,__,__,__,__,__,__,__,__,__,__,__,__,__,__,__,__,__,__,__,__,__,__,__,__,__,__,__,__,__,__,__,__,__,__,__,__,__,__,__,__,__,__,__,__
__,__,__,__,__,__,__,__,__,__,__,__,__,__,__,__,__,__,__,__,__,__,__,__,__,__,__,__,__,__,__,__,__,__,__,__,__,__,__,__,__,__,__,__,__,__,__,__,__,__,__,__,__,__,__,__,__,__,__,__,__,__,__,__,__,__,__,__,__,__,__,__,__,__
__,__,__,__,__,__,__,__,__,__,__,__,__,__,__,__,__,__,__,__,__,__,__,__,__,__,__,__,__,__,__,__,__,__,__,__,__,__,__,__,__,__,__,__,__,__,__,__,__,__,__,__,__,__,__,__,__,__,__,__,__,__,__,__,__,__,__,__,__,__,__,__,__,__
__,__,__,__,__,__,__,__,__,__,__,__,__,__,__,__,__,__,__,__,__,__,__,__,__,__,__,__,__,__,__,__,__,__,__,__,__,__,__,__,__,__,__,__,__,__,__,__,__,__,__,__,__,__,__,__,__,__,__,__,__,__,__,__,__,__,__,__,__,__,__,__,__,__
__,__,__,__,__,__,__,__,__,__,__,__,__,__,__,__,__,__,__,__,__,__,__,__,__,__,__,__,__,__,__,__,__,__,__,__,__,__,__,__,__,__,__,__,__,__,__,__,__,__,__,__,__,__,__,__,__,__,__,__,__,__,__,__,__,__,__,__,__,__,__,__,__,__
__,__,__,__,__,__,__,__,__,__,__,__,__,__,__,__,__,__,__,__,__,__,__,__,__,__,__,__,__,__,__,__,__,__,__,__,__,__,__,__,__,__,__,__,__,__,__,__,__,__,__,__,__,__,__,__,__,__,__,__,__,__,__,__,__,__,__,__,__,__,__,__,__,__
__,__,__,__,__,__,__,__,__,__,__,__,__,__,__,__,__,__,__,__,__,__,__,__,__,__,__,__,__,__,__,__,__,__,__,__,__,__,__,__,__,__,__,__,__,__,__,__,__,__,__,__,__,__,__,__,__,__,__,__,__,__,__,__,__,__,__,__,__,__,__,__,__,__
__,__,__,__,__,__,__,__,__,__,__,__,__,__,__,__,__,__,__,__,__,__,__,__,__,__,__,__,__,__,__,__,__,__,__,__,__,__,__,__,__,__,__,__,__,__,__,__,__,__,__,__,__,__,__,__,__,__,__,__,__,__,__,__,__,__,__,__,__,__,__,__,__,__
__,__,__,__,__,__,__,__,__,__,__,__,__,__,__,__,__,__,__,__,__,__,__,__,__,__,__,__,__,__,__,__,__,__,__,__,__,__,__,__,__,__,__,__,__,__,__,__,__,__,__,__,__,__,__,__,__,__,__,__,__,__,__,__,__,__,__,__,__,__,__,__,__,__
__,__,__,__,__,__,__,__,__,__,__,__,__,__,__,__,__,__,__,__,__,__,__,__,__,__,__,__,__,__,__,__,__,__,__,__,__,__,__,__,__,__,__,__,__,__,__,__,__,__,__,__,__,__,__,__,__,__,__,__,__,__,__,__,__,__,__,__,__,__,__,__,__,__
__,__,__,__,__,__,__,__,__,__,__,__,__,__,__,__,__,__,__,__,__,__,__,__,__,__,__,__,__,__,__,__,__,__,__,__,__,__,__,__,__,__,__,__,__,__,__,__,__,__,__,__,__,__,__,__,__,__,__,__,__,__,__,__,__,__,__,__,__,__,__,__,__,__
__,__,__,__,__,__,__,__,__,__,__,__,__,__,__,__,__,__,__,__,__,__,__,__,__,__,__,__,__,__,__,__,__,__,__,__,__,__,__,__,__,__,__,__,__,__,__,__,__,__,__,__,__,__,__,__,__,__,__,__,__,__,__,__,__,__,__,__,__,__,__,__,__,__
__,__,__,__,__,__,__,__,__,__,__,__,__,__,__,__,__,__,__,__,__,__,__,__,__,__,__,__,__,__,__,__,__,__,__,__,__,__,__,__,__,__,__,__,__,__,__,__,__,__,__,__,__,__,__,__,__,__,__,__,__,__,__,__,__,__,__,__,__,__,__,__,__,__
__,__,__,__,__,__,__,__,__,__,__,__,__,__,__,__,__,__,__,__,__,__,__,__,__,__,__,__,__,__,__,__,__,__,__,__,__,__,__,__,__,__,__,__,__,__,__,__,__,__,__,__,__,__,__,__,__,__,__,__,__,__,__,__,__,__,__,__,__,__,__,__,__,__
__,__,__,__,__,__,__,__,__,__,__,__,__,__,__,__,__,__,__,__,__,__,__,__,__,__,__,__,__,__,__,__,__,__,__,__,__,__,__,__,__,__,__,__,__,__,__,__,__,__,__,__,__,__,__,__,__,__,__,__,__,__,__,__,__,__,__,__,__,__,__,__,__,__
__,__,__,__,__,__,__,__,__,__,__,__,__,__,__,__,__,__,__,__,__,__,__,__,__,__,__,__,__,__,__,__,__,__,__,__,__,__,__,__,__,__,__,__,__,__,__,__,__,__,__,__,__,__,__,__,__,__,__,__,__,__,__,__,__,__,__,__,__,__,__,__,__,__
__,__,__,__,__,__,__,__,__,__,__,__,__,__,__,__,__,__,__,__,__,__,__,__,__,__,__,__,__,__,__,__,__,__,__,__,__,__,__,__,__,__,__,__,__,__,__,__,__,__,__,__,__,__,__,__,__,__,__,__,__,__,__,__,__,__,__,__,__,__,__,__,__,__
__,__,__,__,__,__,__,__,__,__,__,__,__,__,__,__,__,__,__,__,__,__,__,__,__,__,__,__,__,__,__,__,__,__,__,__,__,__,__,__,__,__,__,__,__,__,__,__,__,__,__,__,__,__,__,__,__,__,__,__,__,__,__,__,__,__,__,__,__,__,__,__,__,__
__,__,__,__,__,__,__,__,__,__,__,__,__,__,__,__,__,__,__,__,__,__,__,__,__,__,__,__,__,__,__,__,__,__,__,__,__,__,__,__,__,__,__,__,__,__,__,__,__,__,__,__,__,__,__,__,__,__,__,__,__,__,__,__,__,__,__,__,__,__,__,__,__,__
__,__,__,__,__,__,__,__,__,__,__,__,__,__,__,__,__,__,__,__,__,__,__,__,__,__,__,__,__,__,__,__,__,__,__,__,__,__,__,__,__,__,__,__,__,__,__,__,__,__,__,__,__,__,__,__,__,__,__,__,__,__,__,__,__,__,__,__,__,__,__,__,__,__
__,__,__,__,__,__,__,__,__,__,__,__,__,__,__,__,__,__,__,__,__,__,__,__,__,__,__,__,__,__,__,__,__,__,__,__,__,__,__,__,__,__,__,__,__,__,__,__,__,__,__,__,__,__,__,__,__,__,__,__,__,__,__,__,__,__,__,__,__,__,__,__,__,__
__,__,__,__,__,__,__,__,__,__,__,__,__,__,__,__,__,__,__,__,__,__,__,__,__,__,__,__,__,__,__,__,__,__,__,__,__,__,__,__,__,__,__,__,__,__,__,__,__,__,__,__,__,__,__,__,__,__,__,__,__,__,__,__,__,__,__,__,__,__,__,__,__,__
__,__,__,__,__,__,__,__,__,__,__,__,__,__,__,__,__,__,__,__,__,__,__,__,__,__,__,__,__,__,__,__,__,__,__,__,__,__,__,__,__,__,__,__,__,__,__,__,__,__,__,__,__,__,__,__,__,__,__,__,__,__,__,__,__,__,__,__,__,__,__,__,__,__
__,__,__,__,__,__,__,__,__,__,__,__,__,__,__,__,__,__,__,__,__,__,__,__,__,__,__,__,__,__,__,__,__,__,__,__,__,__,__,__,__,__,__,__,__,__,__,__,__,__,__,__,__,__,__,__,__,__,__,__,__,__,__,__,__,__,__,__,__,__,__,__,__,__
__,__,__,__,__,__,__,__,__,__,__,__,__,__,__,__,__,__,__,__,__,__,__,__,__,__,__,__,__,__,__,__,__,__,__,__,__,__,__,__,__,__,__,__,__,__,__,__,__,__,__,__,__,__,__,__,__,__,__,__,__,__,__,__,__,__,__,__,__,__,__,__,__,__
__,__,__,__,__,__,__,__,__,__,__,__,__,__,__,__,__,__,__,__,__,__,__,__,__,__,__,__,__,__,__,__,__,__,__,__,__,__,__,__,__,__,__,__,__,__,__,__,__,__,__,__,__,__,__,__,__,__,__,__,__,__,__,__,__,__,__,__,__,__,__,__,__,__
__,__,__,__,__,__,__,__,__,__,__,__,__,__,__,__,__,__,__,__,__,__,__,__,__,__,__,__,__,__,__,__,__,__,__,__,__,__,__,__,__,__,__,__,__,__,__,__,__,__,__,__,__,__,__,__,__,__,__,__,__,__,__,__,__,__,__,__,__,__,__,__,__,__
__,__,__,__,__,__,__,__,__,__,__,__,__,__,__,__,__,__,__,__,__,__,__,__,__,__,__,__,__,__,__,__,__,__,__,__,__,__,__,__,__,__,__,__,__,__,__,__,__,__,__,__,__,__,__,__,__,__,__,__,__,__,__,__,__,__,__,__,__,__,__,__,__,__
__,__,__,__,__,__,__,__,__,__,__,__,__,__,__,__,__,__,__,__,__,__,__,__,__,__,__,__,__,__,__,__,__,__,__,__,__,__,__,__,__,__,__,__,__,__,__,__,__,__,__,__,__,__,__,__,__,__,__,__,__,__,__,__,__,__,__,__,__,__,__,__,__,__
__,__,__,__,__,__,__,__,__,__,__,__,__,__,__,__,__,__,__,__,__,__,__,__,__,__,__,__,__,__,__,__,__,__,__,__,__,__,__,__,__,__,__,__,__,__,__,__,__,__,__,__,__,__,__,__,__,__,__,__,__,__,__,__,__,__,__,__,__,__,__,__,__,__
__,__,__,__,__,__,__,__,__,__,__,__,__,__,__,__,__,__,__,__,__,__,__,__,__,__,__,__,__,__,__,__,__,__,__,__,__,__,__,__,__,__,__,__,__,__,__,__,__,__,__,__,__,__,__,__,__,__,__,__,__,__,__,__,__,__,__,__,__,__,__,__,__,__
__,__,__,__,__,__,__,__,__,__,__,__,__,__,__,__,__,__,__,__,__,__,__,__,__,__,__,__,__,__,__,__,__,__,__,__,__,__,__,__,__,__,__,__,__,__,__,__,__,__,__,__,__,__,__,__,__,__,__,__,__,__,__,__,__,__,__,__,__,__,__,__,__,__
__,__,__,__,__,__,__,__,__,__,__,__,__,__,__,__,__,__,__,__,__,__,__,__,__,__,__,__,__,__,__,__,__,__,__,__,__,__,__,__,__,__,__,__,__,__,__,__,__,__,__,__,__,__,__,__,__,__,__,__,__,__,__,__,__,__,__,__,__,__,__,__,__,__
__,__,__,__,__,__,__,__,__,__,__,__,__,__,__,__,__,__,__,__,__,__,__,__,__,__,__,__,__,__,__,__,__,__,__,__,__,__,__,__,__,__,__,__,__,__,__,__,__,__,__,__,__,__,__,__,__,__,__,__,__,__,__,__,__,__,__,__,__,__,__,__,__,__
__,__,__,__,__,__,__,__,__,__,__,__,__,__,__,__,__,__,__,__,__,__,__,__,__,__,__,__,__,__,__,__,__,__,__,__,__,__,__,__,__,__,__,__,__,__,__,__,__,__,__,__,__,__,__,__,__,__,__,__,__,__,__,__,__,__,__,__,__,__,__,__,__,__
__,__,__,__,__,__,__,__,__,__,__,__,__,__,__,__,__,__,__,__,__,__,__,__,__,__,__,__,__,__,__,__,__,__,__,__,__,__,__,__,__,__,__,__,__,__,__,__,__,__,__,__,__,__,__,__,__,__,__,__,__,__,__,__,__,__,__,__,__,__,__,__,__,__
__,__,__,__,__,__,__,__,__,__,__,__,__,__,__,__,__,__,__,__,__,__,__,__,__,__,__,__,__,__,__,__,__,__,__,__,__,__,__,__,__,__,__,__,__,__,__,__,__,__,__,__,__,__,__,__,__,__,__,__,__,__,__,__,__,__,__,__,__,__,__,__,__,__
__,__,__,__,__,__,__,__,__,__,__,__,__,__,__,__,__,__,__,__,__,__,__,__,__,__,__,__,__,__,__,__,__,__,__,__,__,__,__,__,__,__,__,__,__,__,__,__,__,__,__,__,__,__,__,__,__,__,__,__,__,__,__,__,__,__,__,__,__,__,__,__,__,__
__,__,__,__,__,__,__,__,__,__,__,__,__,__,__,__,__,__,__,__,__,__,__,__,__,__,__,__,__,__,__,__,__,__,__,__,__,__,__,__,__,__,__,__,__,__,__,__,__,__,__,__,__,__,__,__,__,__,__,__,__,__,__,__,__,__,__,__,__,__,__,__,__,__
__,__,__,__,__,__,__,__,__,__,__,__,__,__,__,__,__,__,__,__,__,__,__,__,__,__,__,__,__,__,__,__,__,__,__,__,__,__,__,__,__,__,__,__,__,__,__,__,__,__,__,__,__,__,__,__,__,__,__,__,__,__,__,__,__,__,__,__,__,__,__,__,__,__
__,__,__,__,__,__,__,__,__,__,__,__,__,__,__,__,__,__,__,__,__,__,__,__,__,__,__,__,__,__,__,__,__,__,__,__,__,__,__,__,__,__,__,__,__,__,__,__,__,__,__,__,__,__,__,__,__,__,__,__,__,__,__,__,__,__,__,__,__,__,__,__,__,__
__,__,__,__,__,__,__,__,__,__,__,__,__,__,__,__,__,__,__,__,__,__,__,__,__,__,__,__,__,__,__,__,__,__,__,__,__,__,__,__,__,__,__,__,__,__,__,__,__,__,__,__,__,__,__,__,__,__,__,__,__,__,__,__,__,__,__,__,__,__,__,__,__,__
__,__,__,__,__,__,__,__,__,__,__,__,__,__,__,__,__,__,__,__,__,__,__,__,__,__,__,__,__,__,__,__,__,__,__,__,__,__,__,__,__,__,__,__,__,__,__,__,__,__,__,__,__,__,__,__,__,__,__,__,__,__,__,__,__,__,__,__,__,__,__,__,__,__
__,__,__,__,__,__,__,__,__,__,__,__,__,__,__,__,__,__,__,__,__,__,__,__,__,__,__,__,__,__,__,__,__,__,__,__,__,__,__,__,__,__,__,__,__,__,__,__,__,__,__,__,__,__,__,__,__,__,__,__,__,__,__,__,__,__,__,__,__,__,__,__,__,__
__,__,__,__,__,__,__,__,__,__,__,__,__,__,__,__,__,__,__,__,__,__,__,__,__,__,__,__,__,__,__,__,__,__,__,__,__,__,__,__,__,__,__,__,__,__,__,__,__,__,__,__,__,__,__,__,__,__,__,__,__,__,__,__,__,__,__,__,__,__,__,__,__,__
__,__,__,__,__,__,__,__,__,__,__,__,__,__,__,__,__,__,__,__,__,__,__,__,__,__,__,__,__,__,__,__,__,__,__,__,__,__,__,__,__,__,__,__,__,__,__,__,__,__,__,__,__,__,__,__,__,__,__,__,__,__,__,__,__,__,__,__,__,__,__,__,__,__
__,__,__,__,__,__,__,__,__,__,__,__,__,__,__,__,__,__,__,__,__,__,__,__,__,__,__,__,__,__,__,__,__,__,__,__,__,__,__,__,__,__,__,__,__,__,__,__,__,__,__,__,__,__,__,__,__,__,__,__,__,__,__,__,__,__,__,__,__,__,__,__,__,__
__,__,__,__,__,__,__,__,__,__,__,__,__,__,__,__,__,__,__,__,__,__,__,__,__,__,__,__,__,__,__,__,__,__,__,__,__,__,__,__,__,__,__,__,__,__,__,__,__,__,__,__,__,__,__,__,__,__,__,__,__,__,__,__,__,__,__,__,__,__,__,__,__,__
__,__,__,__,__,__,__,__,__,__,__,__,__,__,__,__,__,__,__,__,__,__,__,__,__,__,__,__,__,__,__,__,__,__,__,__,__,__,__,__,__,__,__,__,__,__,__,__,__,__,__,__,__,__,__,__,__,__,__,__,__,__,__,__,__,__,__,__,__,__,__,__,__,__
__,__,__,__,__,__,__,__,__,__,__,__,__,__,__,__,__,__,__,__,__,__,__,__,__,__,__,__,__,__,__,__,__,__,__,__,__,__,__,__,__,__,__,__,__,__,__,__,__,__,__,__,__,__,__,__,__,__,__,__,__,__,__,__,__,__,__,__,__,__,__,__,__,__
__,__,__,__,__,__,__,__,__,__,__,__,__,__,__,__,__,__,__,__,__,__,__,__,__,__,__,__,__,__,__,__,__,__,__,__,__,__,__,__,__,__,__,__,__,__,__,__,__,__,__,__,__,__,__,__,__,__,__,__,__,__,__,__,__,__,__,__,__,__,__,__,__,__
__,__,__,__,__,__,__,__,__,__,__,__,__,__,__,__,__,__,__,__,__,__,__,__,__,__,__,__,__,__,__,__,__,__,__,__,__,__,__,__,__,__,__,__,__,__,__,__,__,__,__,__,__,__,__,__,__,__,__,__,__,__,__,__,__,__,__,__,__,__,__,__,__,__
__,__,__,__,__,__,__,__,__,__,__,__,__,__,__,__,__,__,__,__,__,__,__,__,__,__,__,__,__,__,__,__,__,__,__,__,__,__,__,__,__,__,__,__,__,__,__,__,__,__,__,__,__,__,__,__,__,__,__,__,__,__,__,__,__,__,__,__,__,__,__,__,__,__
__,__,__,__,__,__,__,__,__,__,__,__,__,__,__,__,__,__,__,__,__,__,__,__,__,__,__,__,__,__,__,__,__,__,__,__,__,__,__,__,__,__,__,__,__,__,__,__,__,__,__,__,__,__,__,__,__,__,__,__,__,__,__,__,__,__,__,__,__,__,__,__,__,__
__,__,__,__,__,__,__,__,__,__,__,__,__,__,__,__,__,__,__,__,__,__,__,__,__,__,__,__,__,__,__,__,__,__,__,__,__,__,__,__,__,__,__,__,__,__,__,__,__,__,__,__,__,__,__,__,__,__,__,__,__,__,__,__,__,__,__,__,__,__,__,__,__,__
__,__,__,__,__,__,__,__,__,__,__,__,__,__,__,__,__,__,__,__,__,__,__,__,__,__,__,__,__,__,__,__,__,__,__,__,__,__,__,__,__,__,__,__,__,__,__,__,__,__,__,__,__,__,__,__,__,__,__,__,__,__,__,__,__,__,__,__,__,__,__,__,__,__
__,__,__,__,__,__,__,__,__,__,__,__,__,__,__,__,__,__,__,__,__,__,__,__,__,__,__,__,__,__,__,__,__,__,__,__,__,__,__,__,__,__,__,__,__,__,__,__,__,__,__,__,__,__,__,__,__,__,__,__,__,__,__,__,__,__,__,__,__,__,__,__,__,__
__,__,__,__,__,__,__,__,__,__,__,__,__,__,__,__,__,__,__,__,__,__,__,__,__,__,__,__,__,__,__,__,__,__,__,__,__,__,__,__,__,__,__,__,__,__,__,__,__,__,__,__,__,__,__,__,__,__,__,__,__,__,__,__,__,__,__,__,__,__,__,__,__,__
__,__,__,__,__,__,__,__,__,__,__,__,__,__,__,__,__,__,__,__,__,__,__,__,__,__,__,__,__,__,__,__,__,__,__,__,__,__,__,__,__,__,__,__,__,__,__,__,__,__,__,__,__,__,__,__,__,__,__,__,__,__,__,__,__,__,__,__,__,__,__,__,__,__
__,__,__,__,__,__,__,__,__,__,__,__,__,__,__,__,__,__,__,__,__,__,__,__,__,__,__,__,__,__,__,__,__,__,__,__,__,__,__,__,__,__,__,__,__,__,__,__,__,__,__,__,__,__,__,__,__,__,__,__,__,__,__,__,__,__,__,__,__,__,__,__,__,__
__,__,__,__,__,__,__,__,__,__,__,__,__,__,__,__,__,__,__,__,__,__,__,__,__,__,__,__,__,__,__,__,__,__,__,__,__,__,__,__,__,__,__,__,__,__,__,__,__,__,__,__,__,__,__,__,__,__,__,__,__,__,__,__,__,__,__,__,__,__,__,__,__,__
__,__,__,__,__,__,__,__,__,__,__,__,__,__,__,__,__,__,__,__,__,__,__,__,__,__,__,__,__,__,__,__,__,__,__,__,__,__,__,__,__,__,__,__,__,__,__,__,__,__,__,__,__,__,__,__,__,__,__,__,__,__,__,__,__,__,__,__,__,__,__,__,__,__
__,__,__,__,__,__,__,__,__,__,__,__,__,__,__,__,__,__,__,__,__,__,__,__,__,__,__,__,__,__,__,__,__,__,__,__,__,__,__,__,__,__,__,__,__,__,__,__,__,__,__,__,__,__,__,__,__,__,__,__,__,__,__,__,__,__,__,__,__,__,__,__,__,__
__,__,__,__,__,__,__,__,__,__,__,__,__,__,__,__,__,__,__,__,__,__,__,__,__,__,__,__,__,__,__,__,__,__,__,__,__,__,__,__,__,__,__,__,__,__,__,__,__,__,__,__,__,__,__,__,__,__,__,__,__,__,__,__,__,__,__,__,__,__,__,__,__,__
__,__,__,__,__,__,__,__,__,__,__,__,__,__,__,__,__,__,__,__,__,__,__,__,__,__,__,__,__,__,__,__,__,__,__,__,__,__,__,__,__,__,__,__,__,__,__,__,__,__,__,__,__,__,__,__,__,__,__,__,__,__,__,__,__,__,__,__,__,__,__,__,__,__
__,__,__,__,__,__,__,__,__,__,__,__,__,__,__,__,__,__,__,__,__,__,__,__,__,__,__,__,__,__,__,__,__,__,__,__,__,__,__,__,__,__,__,__,__,__,__,__,__,__,__,__,__,__,__,__,__,__,__,__,__,__,__,__,__,__,__,__,__,__,__,__,__,__
__,__,__,__,__,__,__,__,__,__,__,__,__,__,__,__,__,__,__,__,__,__,__,__,__,__,__,__,__,__,__,__,__,__,__,__,__,__,__,__,__,__,__,__,__,__,__,__,__,__,__,__,__,__,__,__,__,__,__,__,__,__,__,__,__,__,__,__,__,__,__,__,__,__
__,__,__,__,__,__,__,__,__,__,__,__,__,__,__,__,__,__,__,__,__,__,__,__,__,__,__,__,__,__,__,__,__,__,__,__,__,__,__,__,__,__,__,__,__,__,__,__,__,__,__,__,__,__,__,__,__,__,__,__,__,__,__,__,__,__,__,__,__,__,__,__,__,__
__,__,__,__,__,__,__,__,__,__,__,__,__,__,__,__,__,__,__,__,__,__,__,__,__,__,__,__,__,__,__,__,__,__,__,__,__,__,__,__,__,__,__,__,__,__,__,__,__,__,__,__,__,__,__,__,__,__,__,__,__,__,__,__,__,__,__,__,__,__,__,__,__,__
__,__,__,__,__,__,__,__,__,__,__,__,__,__,__,__,__,__,__,__,__,__,__,__,__,__,__,__,__,__,__,__,__,__,__,__,__,__,__,__,__,__,__,__,__,__,__,__,__,__,__,__,__,__,__,__,__,__,__,__,__,__,__,__,__,__,__,__,__,__,__,__,__,__
__,__,__,__,__,__,__,__,__,__,__,__,__,__,__,__,__,__,__,__,__,__,__,__,__,__,__,__,__,__,__,__,__,__,__,__,__,__,__,__,__,__,__,__,__,__,__,__,__,__,__,__,__,__,__,__,__,__,__,__,__,__,__,__,__,__,__,__,__,__,__,__,__,__
__,__,__,__,__,__,__,__,__,__,__,__,__,__,__,__,__,__,__,__,__,__,__,__,__,__,__,__,__,__,__,__,__,__,__,__,__,__,__,__,__,__,__,__,__,__,__,__,__,__,__,__,__,__,__,__,__,__,__,__,__,__,__,__,__,__,__,__,__,__,__,__,__,__
__,__,__,__,__,__,__,__,__,__,__,__,__,__,__,__,__,__,__,__,__,__,__,__,__,__,__,__,__,__,__,__,__,__,__,__,__,__,__,__,__,__,__,__,__,__,__,__,__,__,__,__,__,__,__,__,__,__,__,__,__,__,__,__,__,__,__,__,__,__,__,__,__,__
__,__,__,__,__,__,__,__,__,__,__,__,__,__,__,__,__,__,__,__,__,__,__,__,__,__,__,__,__,__,__,__,__,__,__,__,__,__,__,__,__,__,__,__,__,__,__,__,__,__,__,__,__,__,__,__,__,__,__,__,__,__,__,__,__,__,__,__,__,__,__,__,__,__
__,__,__,__,__,__,__,__,__,__,__,__,__,__,__,__,__,__,__,__,__,__,__,__,__,__,__,__,__,__,__,__,__,__,__,__,__,__,__,__,__,__,__,__,__,__,__,__,__,__,__,__,__,__,__,__,__,__,__,__,__,__,__,__,__,__,__,__,__,__,__,__,__,__
__,__,__,__,__,__,__,__,__,__,__,__,__,__,__,__,__,__,__,__,__,__,__,__,__,__,__,__,__,__,__,__,__,__,__,__,__,__,__,__,__,__,__,__,__,__,__,__,__,__,__,__,__,__,__,__,__,__,__,__,__,__,__,__,__,__,__,__,__,__,__,__,__,__
__,__,__,__,__,__,__,__,__,__,__,__,__,__,__,__,__,__,__,__,__,__,__,__,__,__,__,__,__,__,__,__,__,__,__,__,__,__,__,__,__,__,__,__,__,__,__,__,__,__,__,__,__,__,__,__,__,__,__,__,__,__,__,__,__,__,__,__,__,__,__,__,__,__
__,__,__,__,__,__,__,__,__,__,__,__,__,__,__,__,__,__,__,__,__,__,__,__,__,__,__,__,__,__,__,__,__,__,__,__,__,__,__,__,__,__,__,__,__,__,__,__,__,__,__,__,__,__,__,__,__,__,__,__,__,__,__,__,__,__,__,__,__,__,__,__,__,__
__,__,__,__,__,__,__,__,__,__,__,__,__,__,__,__,__,__,__,__,__,__,__,__,__,__,__,__,__,__,__,__,__,__,__,__,__,__,__,__,__,__,__,__,__,__,__,__,__,__,__,__,__,__,__,__,__,__,__,__,__,__,__,__,__,__,__,__,__,__,__,__,__,__
__,__,__,__,__,__,__,__,__,__,__,__,__,__,__,__,__,__,__,__,__,__,__,__,__,__,__,__,__,__,__,__,__,__,__,__,__,__,__,__,__,__,__,__,__,__,__,__,__,__,__,__,__,__,__,__,__,__,__,__,__,__,__,__,__,__,__,__,__,__,__,__,__,__
__,__,__,__,__,__,__,__,__,__,__,__,__,__,__,__,__,__,__,__,__,__,__,__,__,__,__,__,__,__,__,__,__,__,__,__,__,__,__,__,__,__,__,__,__,__,__,__,__,__,__,__,__,__,__,__,__,__,__,__,__,__,__,__,__,__,__,__,__,__,__,__,__,__
__,__,__,__,__,__,__,__,__,__,__,__,__,__,__,__,__,__,__,__,__,__,__,__,__,__,__,__,__,__,__,__,__,__,__,__,__,__,__,__,__,__,__,__,__,__,__,__,__,__,__,__,__,__,__,__,__,__,__,__,__,__,__,__,__,__,__,__,__,__,__,__,__,__
__,__,__,__,__,__,__,__,__,__,__,__,__,__,__,__,__,__,__,__,__,__,__,__,__,__,__,__,__,__,__,__,__,__,__,__,__,__,__,__,__,__,__,__,__,__,__,__,__,__,__,__,__,__,__,__,__,__,__,__,__,__,__,__,__,__,__,__,__,__,__,__,__,__
__,__,__,__,__,__,__,__,__,__,__,__,__,__,__,__,__,__,__,__,__,__,__,__,__,__,__,__,__,__,__,__,__,__,__,__,__,__,__,__,__,__,__,__,__,__,__,__,__,__,__,__,__,__,__,__,__,__,__,__,__,__,__,__,__,__,__,__,__,__,__,__,__,__
__,__,__,__,__,__,__,__,__,__,__,__,__,__,__,__,__,__,__,__,__,__,__,__,__,__,__,__,__,__,__,__,__,__,__,__,__,__,__,__,__,__,__,__,__,__,__,__,__,__,__,__,__,__,__,__,__,__,__,__,__,__,__,__,__,__,__,__,__,__,__,__,__,__
__,__,__,__,__,__,__,__,__,__,__,__,__,__,__,__,__,__,__,__,__,__,__,__,__,__,__,__,__,__,__,__,__,__,__,__,__,__,__,__,__,__,__,__,__,__,__,__,__,__,__,__,__,__,__,__,__,__,__,__,__,__,__,__,__,__,__,__,__,__,__,__,__,__
__,__,__,__,__,__,__,__,__,__,__,__,__,__,__,__,__,__,__,__,__,__,__,__,__,__,__,__,__,__,__,__,__,__,__,__,__,__,__,__,__,__,__,__,__,__,__,__,__,__,__,__,__,__,__,__,__,__,__,__,__,__,__,__,__,__,__,__,__,__,__,__,__,__
__,__,__,__,__,__,__,__,__,__,__,__,__,__,__,__,__,__,__,__,__,__,__,__,__,__,__,__,__,__,__,__,__,__,__,__,__,__,__,__,__,__,__,__,__,__,__,__,__,__,__,__,__,__,__,__,__,__,__,__,__,__,__,__,__,__,__,__,__,__,__,__,__,__
__,__,__,__,__,__,__,__,__,__,__,__,__,__,__,__,__,__,__,__,__,__,__,__,__,__,__,__,__,__,__,__,__,__,__,__,__,__,__,__,__,__,__,__,__,__,__,__,__,__,__,__,__,__,__,__,__,__,__,__,__,__,__,__,__,__,__,__,__,__,__,__,__,__
__,__,__,__,__,__,__,__,__,__,__,__,__,__,__,__,__,__,__,__,__,__,__,__,__,__,__,__,__,__,__,__,__,__,__,__,__,__,__,__,__,__,__,__,__,__,__,__,__,__,__,__,__,__,__,__,__,__,__,__,__,__,__,__,__,__,__,__,__,__,__,__,__,__
__,__,__,__,__,__,__,__,__,__,__,__,__,__,__,__,__,__,__,__,__,__,__,__,__,__,__,__,__,__,__,__,__,__,__,__,__,__,__,__,__,__,__,__,__,__,__,__,__,__,__,__,__,__,__,__,__,__,__,__,__,__,__,__,__,__,__,__,__,__,__,__,__,__
__,__,__,__,__,__,__,__,__,__,__,__,__,__,__,__,__,__,__,__,__,__,__,__,__,__,__,__,__,__,__,__,__,__,__,__,__,__,__,__,__,__,__,__,__,__,__,__,__,__,__,__,__,__,__,__,__,__,__,__,__,__,__,__,__,__,__,__,__,__,__,__,__,__
__,__,__,__,__,__,__,__,__,__,__,__,__,__,__,__,__,__,__,__,__,__,__,__,__,__,__,__,__,__,__,__,__,__,__,__,__,__,__,__,__,__,__,__,__,__,__,__,__,__,__,__,__,__,__,__,__,__,__,__,__,__,__,__,__,__,__,__,__,__,__,__,__,__
__,__,__,__,__,__,__,__,__,__,__,__,__,__,__,__,__,__,__,__,__,__,__,__,__,__,__,__,__,__,__,__,__,__,__,__,__,__,__,__,__,__,__,__,__,__,__,__,__,__,__,__,__,__,__,__,__,__,__,__,__,__,__,__,__,__,__,__,__,__,__,__,__,__
__,__,__,__,__,__,__,__,__,__,__,__,__,__,__,__,__,__,__,__,__,__,__,__,__,__,__,__,__,__,__,__,__,__,__,__,__,__,__,__,__,__,__,__,__,__,__,__,__,__,__,__,__,__,__,__,__,__,__,__,__,__,__,__,__,__,__,__,__,__,__,__,__,__
__,__,__,__,__,__,__,__,__,__,__,__,__,__,__,__,__,__,__,__,__,__,__,__,__,__,__,__,__,__,__,__,__,__,__,__,__,__,__,__,__,__,__,__,__,__,__,__,__,__,__,__,__,__,__,__,__,__,__,__,__,__,__,__,__,__,__,__,__,__,__,__,__,__
__,__,__,__,__,__,__,__,__,__,__,__,__,__,__,__,__,__,__,__,__,__,__,__,__,__,__,__,__,__,__,__,__,__,__,__,__,__,__,__,__,__,__,__,__,__,__,__,__,__,__,__,__,__,__,__,__,__,__,__,__,__,__,__,__,__,__,__,__,__,__,__,__,__
__,__,__,__,__,__,__,__,__,__,__,__,__,__,__,__,__,__,__,__,__,__,__,__,__,__,__,__,__,__,__,__,__,__,__,__,__,__,__,__,__,__,__,__,__,__,__,__,__,__,__,__,__,__,__,__,__,__,__,__,__,__,__,__,__,__,__,__,__,__,__,__,__,__
__,__,__,__,__,__,__,__,__,__,__,__,__,__,__,__,__,__,__,__,__,__,__,__,__,__,__,__,__,__,__,__,__,__,__,__,__,__,__,__,__,__,__,__,__,__,__,__,__,__,__,__,__,__,__,__,__,__,__,__,__,__,__,__,__,__,__,__,__,__,__,__,__,__
__,__,__,__,__,__,__,__,__,__,__,__,__,__,__,__,__,__,__,__,__,__,__,__,__,__,__,__,__,__,__,__,__,__,__,__,__,__,__,__,__,__,__,__,__,__,__,__,__,__,__,__,__,__,__,__,__,__,__,__,__,__,__,__,__,__,__,__,__,__,__,__,__,__
__,__,__,__,__,__,__,__,__,__,__,__,__,__,__,__,__,__,__,__,__,__,__,__,__,__,__,__,__,__,__,__,__,__,__,__,__,__,__,__,__,__,__,__,__,__,__,__,__,__,__,__,__,__,__,__,__,__,__,__,__,__,__,__,__,__,__,__,__,__,__,__,__,__
__,__,__,__,__,__,__,__,__,__,__,__,__,__,__,__,__,__,__,__,__,__,__,__,__,__,__,__,__,__,__,__,__,__,__,__,__,__,__,__,__,__,__,__,__,__,__,__,__,__,__,__,__,__,__,__,__,__,__,__,__,__,__,__,__,__,__,__,__,__,__,__,__,__
__,__,__,__,__,__,__,__,__,__,__,__,__,__,__,__,__,__,__,__,__,__,__,__,__,__,__,__,__,__,__,__,__,__,__,__,__,__,__,__,__,__,__,__,__,__,__,__,__,__,__,__,__,__,__,__,__,__,__,__,__,__,__,__,__,__,__,__,__,__,__,__,__,__
__,__,__,__,__,__,__,__,__,__,__,__,__,__,__,__,__,__,__,__,__,__,__,__,__,__,__,__,__,__,__,__,__,__,__,__,__,__,__,__,__,__,__,__,__,__,__,__,__,__,__,__,__,__,__,__,__,__,__,__,__,__,__,__,__,__,__,__,__,__,__,__,__,__
__,__,__,__,__,__,__,__,__,__,__,__,__,__,__,__,__,__,__,__,__,__,__,__,__,__,__,__,__,__,__,__,__,__,__,__,__,__,__,__,__,__,__,__,__,__,__,__,__,__,__,__,__,__,__,__,__,__,__,__,__,__,__,__,__,__,__,__,__,__,__,__,__,__
__,__,__,__,__,__,__,__,__,__,__,__,__,__,__,__,__,__,__,__,__,__,__,__,__,__,__,__,__,__,__,__,__,__,__,__,__,__,__,__,__,__,__,__,__,__,__,__,__,__,__,__,__,__,__,__,__,__,__,__,__,__,__,__,__,__,__,__,__,__,__,__,__,__
__,__,__,__,__,__,__,__,__,__,__,__,__,__,__,__,__,__,__,__,__,__,__,__,__,__,__,__,__,__,__,__,__,__,__,__,__,__,__,__,__,__,__,__,__,__,__,__,__,__,__,__,__,__,__,__,__,__,__,__,__,__,__,__,__,__,__,__,__,__,__,__,__,__
__,__,__,__,__,__,__,__,__,__,__,__,__,__,__,__,__,__,__,__,__,__,__,__,__,__,__,__,__,__,__,__,__,__,__,__,__,__,__,__,__,__,__,__,__,__,__,__,__,__,__,__,__,__,__,__,__,__,__,__,__,__,__,__,__,__,__,__,__,__,__,__,__,__
__,__,__,__,__,__,__,__,__,__,__,__,__,__,__,__,__,__,__,__,__,__,__,__,__,__,__,__,__,__,__,__,__,__,__,__,__,__,__,__,__,__,__,__,__,__,__,__,__,__,__,__,__,__,__,__,__,__,__,__,__,__,__,__,__,__,__,__,__,__,__,__,__,__
__,__,__,__,__,__,__,__,__,__,__,__,__,__,__,__,__,__,__,__,__,__,__,__,__,__,__,__,__,__,__,__,__,__,__,__,__,__,__,__,__,__,__,__,__,__,__,__,__,__,__,__,__,__,__,__,__,__,__,__,__,__,__,__,__,__,__,__,__,__,__,__,__,__
__,__,__,__,__,__,__,__,__,__,__,__,__,__,__,__,__,__,__,__,__,__,__,__,__,__,__,__,__,__,__,__,__,__,__,__,__,__,__,__,__,__,__,__,__,__,__,__,__,__,__,__,__,__,__,__,__,__,__,__,__,__,__,__,__,__,__,__,__,__,__,__,__,__
__,__,__,__,__,__,__,__,__,__,__,__,__,__,__,__,__,__,__,__,__,__,__,__,__,__,__,__,__,__,__,__,__,__,__,__,__,__,__,__,__,__,__,__,__,__,__,__,__,__,__,__,__,__,__,__,__,__,__,__,__,__,__,__,__,__,__,__,__,__,__,__,__,__
__,__,__,__,__,__,__,__,__,__,__,__,__,__,__,__,__,__,__,__,__,__,__,__,__,__,__,__,__,__,__,__,__,__,__,__,__,__,__,__,__,__,__,__,__,__,__,__,__,__,__,__,__,__,__,__,__,__,__,__,__,__,__,__,__,__,__,__,__,__,__,__,__,__
__,__,__,__,__,__,__,__,__,__,__,__,__,__,__,__,__,__,__,__,__,__,__,__,__,__,__,__,__,__,__,__,__,__,__,__,__,__,__,__,__,__,__,__,__,__,__,__,__,__,__,__,__,__,__,__,__,__,__,__,__,__,__,__,__,__,__,__,__,__,__,__,__,__
__,__,__,__,__,__,__,__,__,__,__,__,__,__,__,__,__,__,__,__,__,__,__,__,__,__,__,__,__,__,__,__,__,__,__,__,__,__,__,__,__,__,__,__,__,__,__,__,__,__,__,__,__,__,__,__,__,__,__,__,__,__,__,__,__,__,__,__,__,__,__,__,__,__
__,__,__,__,__,__,__,__,__,__,__,__,__,__,__,__,__,__,__,__,__,__,__,__,__,__,__,__,__,__,__,__,__,__,__,__,__,__,__,__,__,__,__,__,__,__,__,__,__,__,__,__,__,__,__,__,__,__,__,__,__,__,__,__,__,__,__,__,__,__,__,__,__,__
__,__,__,__,__,__,__,__,__,__,__,__,__,__,__,__,__,__,__,__,__,__,__,__,__,__,__,__,__,__,__,__,__,__,__,__,__,__,__,__,__,__,__,__,__,__,__,__,__,__,__,__,__,__,__,__,__,__,__,__,__,__,__,__,__,__,__,__,__,__,__,__,__,__
__,__,__,__,__,__,__,__,__,__,__,__,__,__,__,__,__,__,__,__,__,__,__,__,__,__,__,__,__,__,__,__,__,__,__,__,__,__,__,__,__,__,__,__,__,__,__,__,__,__,__,__,__,__,__,__,__,__,__,__,__,__,__,__,__,__,__,__,__,__,__,__,__,__
__,__,__,__,__,__,__,__,__,__,__,__,__,__,__,__,__,__,__,__,__,__,__,__,__,__,__,__,__,__,__,__,__,__,__,__,__,__,__,__,__,__,__,__,__,__,__,__,__,__,__,__,__,__,__,__,__,__,__,__,__,__,__,__,__,__,__,__,__,__,__,__,__,__
__,__,__,__,__,__,__,__,__,__,__,__,__,__,__,__,__,__,__,__,__,__,__,__,__,__,__,__,__,__,__,__,__,__,__,__,__,__,__,__,__,__,__,__,__,__,__,__,__,__,__,__,__,__,__,__,__,__,__,__,__,__,__,__,__,__,__,__,__,__,__,__,__,__
__,__,__,__,__,__,__,__,__,__,__,__,__,__,__,__,__,__,__,__,__,__,__,__,__,__,__,__,__,__,__,__,__,__,__,__,__,__,__,__,__,__,__,__,__,__,__,__,__,__,__,__,__,__,__,__,__,__,__,__,__,__,__,__,__,__,__,__,__,__,__,__,__,__
__,__,__,__,__,__,__,__,__,__,__,__,__,__,__,__,__,__,__,__,__,__,__,__,__,__,__,__,__,__,__,__,__,__,__,__,__,__,__,__,__,__,__,__,__,__,__,__,__,__,__,__,__,__,__,__,__,__,__,__,__,__,__,__,__,__,__,__,__,__,__,__,__,__
__,__,__,__,__,__,__,__,__,__,__,__,__,__,__,__,__,__,__,__,__,__,__,__,__,__,__,__,__,__,__,__,__,__,__,__,__,__,__,__,__,__,__,__,__,__,__,__,__,__,__,__,__,__,__,__,__,__,__,__,__,__,__,__,__,__,__,__,__,__,__,__,__,__
__,__,__,__,__,__,__,__,__,__,__,__,__,__,__,__,__,__,__,__,__,__,__,__,__,__,__,__,__,__,__,__,__,__,__,__,__,__,__,__,__,__,__,__,__,__,__,__,__,__,__,__,__,__,__,__,__,__,__,__,__,__,__,__,__,__,__,__,__,__,__,__,__,__
__,__,__,__,__,__,__,__,__,__,__,__,__,__,__,__,__,__,__,__,__,__,__,__,__,__,__,__,__,__,__,__,__,__,__,__,__,__,__,__,__,__,__,__,__,__,__,__,__,__,__,__,__,__,__,__,__,__,__,__,__,__,__,__,__,__,__,__,__,__,__,__,__,__
__,__,__,__,__,__,__,__,__,__,__,__,__,__,__,__,__,__,__,__,__,__,__,__,__,__,__,__,__,__,__,__,__,__,__,__,__,__,__,__,__,__,__,__,__,__,__,__,__,__,__,__,__,__,__,__,__,__,__,__,__,__,__,__,__,__,__,__,__,__,__,__,__,__
__,__,__,__,__,__,__,__,__,__,__,__,__,__,__,__,__,__,__,__,__,__,__,__,__,__,__,__,__,__,__,__,__,__,__,__,__,__,__,__,__,__,__,__,__,__,__,__,__,__,__,__,__,__,__,__,__,__,__,__,__,__,__,__,__,__,__,__,__,__,__,__,__,__
__,__,__,__,__,__,__,__,__,__,__,__,__,__,__,__,__,__,__,__,__,__,__,__,__,__,__,__,__,__,__,__,__,__,__,__,__,__,__,__,__,__,__,__,__,__,__,__,__,__,__,__,__,__,__,__,__,__,__,__,__,__,__,__,__,__,__,__,__,__,__,__,__,__
__,__,__,__,__,__,__,__,__,__,__,__,__,__,__,__,__,__,__,__,__,__,__,__,__,__,__,__,__,__,__,__,__,__,__,__,__,__,__,__,__,__,__,__,__,__,__,__,__,__,__,__,__,__,__,__,__,__,__,__,__,__,__,__,__,__,__,__,__,__,__,__,__,__
__,__,__,__,__,__,__,__,__,__,__,__,__,__,__,__,__,__,__,__,__,__,__,__,__,__,__,__,__,__,__,__,__,__,__,__,__,__,__,__,__,__,__,__,__,__,__,__,__,__,__,__,__,__,__,__,__,__,__,__,__,__,__,__,__,__,__,__,__,__,__,__,__,__
__,__,__,__,__,__,__,__,__,__,__,__,__,__,__,__,__,__,__,__,__,__,__,__,__,__,__,__,__,__,__,__,__,__,__,__,__,__,__,__,__,__,__,__,__,__,__,__,__,__,__,__,__,__,__,__,__,__,__,__,__,__,__,__,__,__,__,__,__,__,__,__,__,__
__,__,__,__,__,__,__,__,__,__,__,__,__,__,__,__,__,__,__,__,__,__,__,__,__,__,__,__,__,__,__,__,__,__,__,__,__,__,__,__,__,__,__,__,__,__,__,__,__,__,__,__,__,__,__,__,__,__,__,__,__,__,__,__,__,__,__,__,__,__,__,__,__,__
__,__,__,__,__,__,__,__,__,__,__,__,__,__,__,__,__,__,__,__,__,__,__,__,__,__,__,__,__,__,__,__,__,__,__,__,__,__,__,__,__,__,__,__,__,__,__,__,__,__,__,__,__,__,__,__,__,__,__,__,__,__,__,__,__,__,__,__,__,__,__,__,__,__
__,__,__,__,__,__,__,__,__,__,__,__,__,__,__,__,__,__,__,__,__,__,__,__,__,__,__,__,__,__,__,__,__,__,__,__,__,__,__,__,__,__,__,__,__,__,__,__,__,__,__,__,__,__,__,__,__,__,__,__,__,__,__,__,__,__,__,__,__,__,__,__,__,__
__,__,__,__,__,__,__,__,__,__,__,__,__,__,__,__,__,__,__,__,__,__,__,__,__,__,__,__,__,__,__,__,__,__,__,__,__,__,__,__,__,__,__,__,__,__,__,__,__,__,__,__,__,__,__,__,__,__,__,__,__,__,__,__,__,__,__,__,__,__,__,__,__,__
__,__,__,__,__,__,__,__,__,__,__,__,__,__,__,__,__,__,__,__,__,__,__,__,__,__,__,__,__,__,__,__,__,__,__,__,__,__,__,__,__,__,__,__,__,__,__,__,__,__,__,__,__,__,__,__,__,__,__,__,__,__,__,__,__,__,__,__,__,__,__,__,__,__
__,__,__,__,__,__,__,__,__,__,__,__,__,__,__,__,__,__,__,__,__,__,__,__,__,__,__,__,__,__,__,__,__,__,__,__,__,__,__,__,__,__,__,__,__,__,__,__,__,__,__,__,__,__,__,__,__,__,__,__,__,__,__,__,__,__,__,__,__,__,__,__,__,__
__,__,__,__,__,__,__,__,__,__,__,__,__,__,__,__,__,__,__,__,__,__,__,__,__,__,__,__,__,__,__,__,__,__,__,__,__,__,__,__,__,__,__,__,__,__,__,__,__,__,__,__,__,__,__,__,__,__,__,__,__,__,__,__,__,__,__,__,__,__,__,__,__,__
__,__,__,__,__,__,__,__,__,__,__,__,__,__,__,__,__,__,__,__,__,__,__,__,__,__,__,__,__,__,__,__,__,__,__,__,__,__,__,__,__,__,__,__,__,__,__,__,__,__,__,__,__,__,__,__,__,__,__,__,__,__,__,__,__,__,__,__,__,__,__,__,__,__
__,__,__,__,__,__,__,__,__,__,__,__,__,__,__,__,__,__,__,__,__,__,__,__,__,__,__,__,__,__,__,__,__,__,__,__,__,__,__,__,__,__,__,__,__,__,__,__,__,__,__,__,__,__,__,__,__,__,__,__,__,__,__,__,__,__,__,__,__,__,__,__,__,__
__,__,__,__,__,__,__,__,__,__,__,__,__,__,__,__,__,__,__,__,__,__,__,__,__,__,__,__,__,__,__,__,__,__,__,__,__,__,__,__,__,__,__,__,__,__,__,__,__,__,__,__,__,__,__,__,__,__,__,__,__,__,__,__,__,__,__,__,__,__,__,__,__,__
__,__,__,__,__,__,__,__,__,__,__,__,__,__,__,__,__,__,__,__,__,__,__,__,__,__,__,__,__,__,__,__,__,__,__,__,__,__,__,__,__,__,__,__,__,__,__,__,__,__,__,__,__,__,__,__,__,__,__,__,__,__,__,__,__,__,__,__,__,__,__,__,__,__
__,__,__,__,__,__,__,__,__,__,__,__,__,__,__,__,__,__,__,__,__,__,__,__,__,__,__,__,__,__,__,__,__,__,__,__,__,__,__,__,__,__,__,__,__,__,__,__,__,__,__,__,__,__,__,__,__,__,__,__,__,__,__,__,__,__,__,__,__,__,__,__,__,__
__,__,__,__,__,__,__,__,__,__,__,__,__,__,__,__,__,__,__,__,__,__,__,__,__,__,__,__,__,__,__,__,__,__,__,__,__,__,__,__,__,__,__,__,__,__,__,__,__,__,__,__,__,__,__,__,__,__,__,__,__,__,__,__,__,__,__,__,__,__,__,__,__,__
__,__,__,__,__,__,__,__,__,__,__,__,__,__,__,__,__,__,__,__,__,__,__,__,__,__,__,__,__,__,__,__,__,__,__,__,__,__,__,__,__,__,__,__,__,__,__,__,__,__,__,__,__,__,__,__,__,__,__,__,__,__,__,__,__,__,__,__,__,__,__,__,__,__
__,__,__,__,__,__,__,__,__,__,__,__,__,__,__,__,__,__,__,__,__,__,__,__,__,__,__,__,__,__,__,__,__,__,__,__,__,__,__,__,__,__,__,__,__,__,__,__,__,__,__,__,__,__,__,__,__,__,__,__,__,__,__,__,__,__,__,__,__,__,__,__,__,__
__,__,__,__,__,__,__,__,__,__,__,__,__,__,__,__,__,__,__,__,__,__,__,__,__,__,__,__,__,__,__,__,__,__,__,__,__,__,__,__,__,__,__,__,__,__,__,__,__,__,__,__,__,__,__,__,__,__,__,__,__,__,__,__,__,__,__,__,__,__,__,__,__,__
__,__,__,__,__,__,__,__,__,__,__,__,__,__,__,__,__,__,__,__,__,__,__,__,__,__,__,__,__,__,__,__,__,__,__,__,__,__,__,__,__,__,__,__,__,__,__,__,__,__,__,__,__,__,__,__,__,__,__,__,__,__,__,__,__,__,__,__,__,__,__,__,__,__
__,__,__,__,__,__,__,__,__,__,__,__,__,__,__,__,__,__,__,__,__,__,__,__,__,__,__,__,__,__,__,__,__,__,__,__,__,__,__,__,__,__,__,__,__,__,__,__,__,__,__,__,__,__,__,__,__,__,__,__,__,__,__,__,__,__,__,__,__,__,__,__,__,__
__,__,__,__,__,__,__,__,__,__,__,__,__,__,__,__,__,__,__,__,__,__,__,__,__,__,__,__,__,__,__,__,__,__,__,__,__,__,__,__,__,__,__,__,__,__,__,__,__,__,__,__,__,__,__,__,__,__,__,__,__,__,__,__,__,__,__,__,__,__,__,__,__,__
__,__,__,__,__,__,__,__,__,__,__,__,__,__,__,__,__,__,__,__,__,__,__,__,__,__,__,__,__,__,__,__,__,__,__,__,__,__,__,__,__,__,__,__,__,__,__,__,__,__,__,__,__,__,__,__,__,__,__,__,__,__,__,__,__,__,__,__,__,__,__,__,__,__
__,__,__,__,__,__,__,__,__,__,__,__,__,__,__,__,__,__,__,__,__,__,__,__,__,__,__,__,__,__,__,__,__,__,__,__,__,__,__,__,__,__,__,__,__,__,__,__,__,__,__,__,__,__,__,__,__,__,__,__,__,__,__,__,__,__,__,__,__,__,__,__,__,__
__,__,__,__,__,__,__,__,__,__,__,__,__,__,__,__,__,__,__,__,__,__,__,__,__,__,__,__,__,__,__,__,__,__,__,__,__,__,__,__,__,__,__,__,__,__,__,__,__,__,__,__,__,__,__,__,__,__,__,__,__,__,__,__,__,__,__,__,__,__,__,__,__,__
__,__,__,__,__,__,__,__,__,__,__,__,__,__,__,__,__,__,__,__,__,__,__,__,__,__,__,__,__,__,__,__,__,__,__,__,__,__,__,__,__,__,__,__,__,__,__,__,__,__,__,__,__,__,__,__,__,__,__,__,__,__,__,__,__,__,__,__,__,__,__,__,__,__
__,__,__,__,__,__,__,__,__,__,__,__,__,__,__,__,__,__,__,__,__,__,__,__,__,__,__,__,__,__,__,__,__,__,__,__,__,__,__,__,__,__,__,__,__,__,__,__,__,__,__,__,__,__,__,__,__,__,__,__,__,__,__,__,__,__,__,__,__,__,__,__,__,__
__,__,__,__,__,__,__,__,__,__,__,__,__,__,__,__,__,__,__,__,__,__,__,__,__,__,__,__,__,__,__,__,__,__,__,__,__,__,__,__,__,__,__,__,__,__,__,__,__,__,__,__,__,__,__,__,__,__,__,__,__,__,__,__,__,__,__,__,__,__,__,__,__,__
__,__,__,__,__,__,__,__,__,__,__,__,__,__,__,__,__,__,__,__,__,__,__,__,__,__,__,__,__,__,__,__,__,__,__,__,__,__,__,__,__,__,__,__,__,__,__,__,__,__,__,__,__,__,__,__,__,__,__,__,__,__,__,__,__,__,__,__,__,__,__,__,__,__
__,__,__,__,__,__,__,__,__,__,__,__,__,__,__,__,__,__,__,__,__,__,__,__,__,__,__,__,__,__,__,__,__,__,__,__,__,__,__,__,__,__,__,__,__,__,__,__,__,__,__,__,__,__,__,__,__,__,__,__,__,__,__,__,__,__,__,__,__,__,__,__,__,__
__,__,__,__,__,__,__,__,__,__,__,__,__,__,__,__,__,__,__,__,__,__,__,__,__,__,__,__,__,__,__,__,__,__,__,__,__,__,__,__,__,__,__,__,__,__,__,__,__,__,__,__,__,__,__,__,__,__,__,__,__,__,__,__,__,__,__,__,__,__,__,__,__,__
__,__,__,__,__,__,__,__,__,__,__,__,__,__,__,__,__,__,__,__,__,__,__,__,__,__,__,__,__,__,__,__,__,__,__,__,__,__,__,__,__,__,__,__,__,__,__,__,__,__,__,__,__,__,__,__,__,__,__,__,__,__,__,__,__,__,__,__,__,__,__,__,__,__
__,__,__,__,__,__,__,__,__,__,__,__,__,__,__,__,__,__,__,__,__,__,__,__,__,__,__,__,__,__,__,__,__,__,__,__,__,__,__,__,__,__,__,__,__,__,__,__,__,__,__,__,__,__,__,__,__,__,__,__,__,__,__,__,__,__,__,__,__,__,__,__,__,__
__,__,__,__,__,__,__,__,__,__,__,__,__,__,__,__,__,__,__,__,__,__,__,__,__,__,__,__,__,__,__,__,__,__,__,__,__,__,__,__,__,__,__,__,__,__,__,__,__,__,__,__,__,__,__,__,__,__,__,__,__,__,__,__,__,__,__,__,__,__,__,__,__,__
__,__,__,__,__,__,__,__,__,__,__,__,__,__,__,__,__,__,__,__,__,__,__,__,__,__,__,__,__,__,__,__,__,__,__,__,__,__,__,__,__,__,__,__,__,__,__,__,__,__,__,__,__,__,__,__,__,__,__,__,__,__,__,__,__,__,__,__,__,__,__,__,__,__
__,__,__,__,__,__,__,__,__,__,__,__,__,__,__,__,__,__,__,__,__,__,__,__,__,__,__,__,__,__,__,__,__,__,__,__,__,__,__,__,__,__,__,__,__,__,__,__,__,__,__,__,__,__,__,__,__,__,__,__,__,__,__,__,__,__,__,__,__,__,__,__,__,__
__,__,__,__,__,__,__,__,__,__,__,__,__,__,__,__,__,__,__,__,__,__,__,__,__,__,__,__,__,__,__,__,__,__,__,__,__,__,__,__,__,__,__,__,__,__,__,__,__,__,__,__,__,__,__,__,__,__,__,__,__,__,__,__,__,__,__,__,__,__,__,__,__,__
__,__,__,__,__,__,__,__,__,__,__,__,__,__,__,__,__,__,__,__,__,__,__,__,__,__,__,__,__,__,__,__,__,__,__,__,__,__,__,__,__,__,__,__,__,__,__,__,__,__,__,__,__,__,__,__,__,__,__,__,__,__,__,__,__,__,__,__,__,__,__,__,__,__
__,__,__,__,__,__,__,__,__,__,__,__,__,__,__,__,__,__,__,__,__,__,__,__,__,__,__,__,__,__,__,__,__,__,__,__,__,__,__,__,__,__,__,__,__,__,__,__,__,__,__,__,__,__,__,__,__,__,__,__,__,__,__,__,__,__,__,__,__,__,__,__,__,__
